id_execucao,id_cenario,grupo,patologia,n_holders,distribuicao,parametro_dist,n_candidatos,tamanho_comite,turnout,n_aprovacoes,n_blocos,frac_proxy,tam_cartel,orcamento_suborno,frac_exchange,frac_colludida,n_rodadas,vantagem_incumbencia,reinveste_recompensa,metrica,camada,media,ic95,n_runs,seed_base
20260703-200911,1,G4,compra_de_voto,200,pareto,1.16,100,21,1.0,30,10000,0.0,0,0.0,0.0,0.0,1,0.0,0.0,custo_por_cadeira,stake,0.013179,0.009046,30,123
20260703-200911,1,G4,compra_de_voto,200,pareto,1.16,100,21,1.0,30,10000,0.0,0,0.0,0.0,0.0,1,0.0,0.0,custo_por_cadeira,eleito,0.013179,0.009046,30,123
20260703-200911,1,G4,compra_de_voto,200,pareto,1.16,100,21,1.0,30,10000,0.0,0,0.0,0.0,0.0,1,0.0,0.0,custo_por_cadeira,produzido,0.013179,0.009046,30,123
20260703-200911,1,G4,compra_de_voto,200,pareto,1.16,100,21,1.0,30,10000,0.0,0,0.0,0.0,0.0,1,0.0,0.0,custo_takeover,stake,2.693212,0.341268,30,123
20260703-200911,1,G4,compra_de_voto,200,pareto,1.16,100,21,1.0,30,10000,0.0,0,0.0,0.0,0.0,1,0.0,0.0,custo_takeover,eleito,2.693212,0.341268,30,123
20260703-200911,1,G4,compra_de_voto,200,pareto,1.16,100,21,1.0,30,10000,0.0,0,0.0,0.0,0.0,1,0.0,0.0,custo_takeover,produzido,2.693212,0.341268,30,123
20260703-200911,1,G4,compra_de_voto,200,pareto,1.16,100,21,1.0,30,10000,0.0,0,0.0,0.0,0.0,1,0.0,0.0,custo_takeover_51,stake,4.02984,0.49623,30,123
20260703-200911,1,G4,compra_de_voto,200,pareto,1.16,100,21,1.0,30,10000,0.0,0,0.0,0.0,0.0,1,0.0,0.0,custo_takeover_51,eleito,4.02984,0.49623,30,123
20260703-200911,1,G4,compra_de_voto,200,pareto,1.16,100,21,1.0,30,10000,0.0,0,0.0,0.0,0.0,1,0.0,0.0,custo_takeover_51,produzido,4.02984,0.49623,30,123
20260703-200911,1,G4,compra_de_voto,200,pareto,1.16,100,21,1.0,30,10000,0.0,0,0.0,0.0,0.0,1,0.0,0.0,gini,stake,0.643934,0.040117,30,123
20260703-200911,1,G4,compra_de_voto,200,pareto,1.16,100,21,1.0,30,10000,0.0,0,0.0,0.0,0.0,1,0.0,0.0,gini,eleito,0.264051,0.043349,30,123
20260703-200911,1,G4,compra_de_voto,200,pareto,1.16,100,21,1.0,30,10000,0.0,0,0.0,0.0,0.0,1,0.0,0.0,gini,produzido,0.267473,0.043594,30,123
20260703-200911,1,G4,compra_de_voto,200,pareto,1.16,100,21,1.0,30,10000,0.0,0,0.0,0.0,0.0,1,0.0,0.0,coef_nakamoto,stake,5.133333,1.235093,30,123
20260703-200911,1,G4,compra_de_voto,200,pareto,1.16,100,21,1.0,30,10000,0.0,0,0.0,0.0,0.0,1,0.0,0.0,coef_nakamoto,eleito,4.633333,0.273713,30,123
20260703-200911,1,G4,compra_de_voto,200,pareto,1.16,100,21,1.0,30,10000,0.0,0,0.0,0.0,0.0,1,0.0,0.0,coef_nakamoto,produzido,4.6,0.275588,30,123
20260703-200911,2,G4,compra_de_voto,200,pareto,1.16,100,21,1.0,30,10000,0.0,0,0.02,0.0,0.0,1,0.0,0.0,custo_por_cadeira,stake,0.017694,0.009204,30,123
20260703-200911,2,G4,compra_de_voto,200,pareto,1.16,100,21,1.0,30,10000,0.0,0,0.02,0.0,0.0,1,0.0,0.0,custo_por_cadeira,eleito,0.017694,0.009204,30,123
20260703-200911,2,G4,compra_de_voto,200,pareto,1.16,100,21,1.0,30,10000,0.0,0,0.02,0.0,0.0,1,0.0,0.0,custo_por_cadeira,produzido,0.017694,0.009204,30,123
20260703-200911,2,G4,compra_de_voto,200,pareto,1.16,100,21,1.0,30,10000,0.0,0,0.02,0.0,0.0,1,0.0,0.0,custo_takeover,stake,2.744086,0.348861,30,123
20260703-200911,2,G4,compra_de_voto,200,pareto,1.16,100,21,1.0,30,10000,0.0,0,0.02,0.0,0.0,1,0.0,0.0,custo_takeover,eleito,2.744086,0.348861,30,123
20260703-200911,2,G4,compra_de_voto,200,pareto,1.16,100,21,1.0,30,10000,0.0,0,0.02,0.0,0.0,1,0.0,0.0,custo_takeover,produzido,2.744086,0.348861,30,123
20260703-200911,2,G4,compra_de_voto,200,pareto,1.16,100,21,1.0,30,10000,0.0,0,0.02,0.0,0.0,1,0.0,0.0,custo_takeover_51,stake,4.150977,0.496591,30,123
20260703-200911,2,G4,compra_de_voto,200,pareto,1.16,100,21,1.0,30,10000,0.0,0,0.02,0.0,0.0,1,0.0,0.0,custo_takeover_51,eleito,4.150977,0.496591,30,123
20260703-200911,2,G4,compra_de_voto,200,pareto,1.16,100,21,1.0,30,10000,0.0,0,0.02,0.0,0.0,1,0.0,0.0,custo_takeover_51,produzido,4.150977,0.496591,30,123
20260703-200911,2,G4,compra_de_voto,200,pareto,1.16,100,21,1.0,30,10000,0.0,0,0.02,0.0,0.0,1,0.0,0.0,gini,stake,0.643934,0.040117,30,123
20260703-200911,2,G4,compra_de_voto,200,pareto,1.16,100,21,1.0,30,10000,0.0,0,0.02,0.0,0.0,1,0.0,0.0,gini,eleito,0.260308,0.041046,30,123
20260703-200911,2,G4,compra_de_voto,200,pareto,1.16,100,21,1.0,30,10000,0.0,0,0.02,0.0,0.0,1,0.0,0.0,gini,produzido,0.263718,0.041335,30,123
20260703-200911,2,G4,compra_de_voto,200,pareto,1.16,100,21,1.0,30,10000,0.0,0,0.02,0.0,0.0,1,0.0,0.0,coef_nakamoto,stake,5.133333,1.235093,30,123
20260703-200911,2,G4,compra_de_voto,200,pareto,1.16,100,21,1.0,30,10000,0.0,0,0.02,0.0,0.0,1,0.0,0.0,coef_nakamoto,eleito,4.733333,0.264691,30,123
20260703-200911,2,G4,compra_de_voto,200,pareto,1.16,100,21,1.0,30,10000,0.0,0,0.02,0.0,0.0,1,0.0,0.0,coef_nakamoto,produzido,4.666667,0.271282,30,123
20260703-200911,3,G4,compra_de_voto,200,pareto,1.16,100,21,1.0,30,10000,0.0,0,0.05,0.0,0.0,1,0.0,0.0,custo_por_cadeira,stake,0.019249,0.009085,30,123
20260703-200911,3,G4,compra_de_voto,200,pareto,1.16,100,21,1.0,30,10000,0.0,0,0.05,0.0,0.0,1,0.0,0.0,custo_por_cadeira,eleito,0.019249,0.009085,30,123
20260703-200911,3,G4,compra_de_voto,200,pareto,1.16,100,21,1.0,30,10000,0.0,0,0.05,0.0,0.0,1,0.0,0.0,custo_por_cadeira,produzido,0.019249,0.009085,30,123
20260703-200911,3,G4,compra_de_voto,200,pareto,1.16,100,21,1.0,30,10000,0.0,0,0.05,0.0,0.0,1,0.0,0.0,custo_takeover,stake,2.671869,0.338892,30,123
20260703-200911,3,G4,compra_de_voto,200,pareto,1.16,100,21,1.0,30,10000,0.0,0,0.05,0.0,0.0,1,0.0,0.0,custo_takeover,eleito,2.671869,0.338892,30,123
20260703-200911,3,G4,compra_de_voto,200,pareto,1.16,100,21,1.0,30,10000,0.0,0,0.05,0.0,0.0,1,0.0,0.0,custo_takeover,produzido,2.671869,0.338892,30,123
20260703-200911,3,G4,compra_de_voto,200,pareto,1.16,100,21,1.0,30,10000,0.0,0,0.05,0.0,0.0,1,0.0,0.0,custo_takeover_51,stake,4.042872,0.48304,30,123
20260703-200911,3,G4,compra_de_voto,200,pareto,1.16,100,21,1.0,30,10000,0.0,0,0.05,0.0,0.0,1,0.0,0.0,custo_takeover_51,eleito,4.042872,0.48304,30,123
20260703-200911,3,G4,compra_de_voto,200,pareto,1.16,100,21,1.0,30,10000,0.0,0,0.05,0.0,0.0,1,0.0,0.0,custo_takeover_51,produzido,4.042872,0.48304,30,123
20260703-200911,3,G4,compra_de_voto,200,pareto,1.16,100,21,1.0,30,10000,0.0,0,0.05,0.0,0.0,1,0.0,0.0,gini,stake,0.643934,0.040117,30,123
20260703-200911,3,G4,compra_de_voto,200,pareto,1.16,100,21,1.0,30,10000,0.0,0,0.05,0.0,0.0,1,0.0,0.0,gini,eleito,0.265876,0.040347,30,123
20260703-200911,3,G4,compra_de_voto,200,pareto,1.16,100,21,1.0,30,10000,0.0,0,0.05,0.0,0.0,1,0.0,0.0,gini,produzido,0.269336,0.040715,30,123
20260703-200911,3,G4,compra_de_voto,200,pareto,1.16,100,21,1.0,30,10000,0.0,0,0.05,0.0,0.0,1,0.0,0.0,coef_nakamoto,stake,5.133333,1.235093,30,123
20260703-200911,3,G4,compra_de_voto,200,pareto,1.16,100,21,1.0,30,10000,0.0,0,0.05,0.0,0.0,1,0.0,0.0,coef_nakamoto,eleito,4.7,0.251284,30,123
20260703-200911,3,G4,compra_de_voto,200,pareto,1.16,100,21,1.0,30,10000,0.0,0,0.05,0.0,0.0,1,0.0,0.0,coef_nakamoto,produzido,4.7,0.251284,30,123
20260703-200911,4,G4,compra_de_voto,200,pareto,1.16,100,21,1.0,30,10000,0.0,0,0.1,0.0,0.0,1,0.0,0.0,custo_por_cadeira,stake,0.008784,0.003871,30,123
20260703-200911,4,G4,compra_de_voto,200,pareto,1.16,100,21,1.0,30,10000,0.0,0,0.1,0.0,0.0,1,0.0,0.0,custo_por_cadeira,eleito,0.008784,0.003871,30,123
20260703-200911,4,G4,compra_de_voto,200,pareto,1.16,100,21,1.0,30,10000,0.0,0,0.1,0.0,0.0,1,0.0,0.0,custo_por_cadeira,produzido,0.008784,0.003871,30,123
20260703-200911,4,G4,compra_de_voto,200,pareto,1.16,100,21,1.0,30,10000,0.0,0,0.1,0.0,0.0,1,0.0,0.0,custo_takeover,stake,2.531522,0.322012,30,123
20260703-200911,4,G4,compra_de_voto,200,pareto,1.16,100,21,1.0,30,10000,0.0,0,0.1,0.0,0.0,1,0.0,0.0,custo_takeover,eleito,2.531522,0.322012,30,123
20260703-200911,4,G4,compra_de_voto,200,pareto,1.16,100,21,1.0,30,10000,0.0,0,0.1,0.0,0.0,1,0.0,0.0,custo_takeover,produzido,2.531522,0.322012,30,123
20260703-200911,4,G4,compra_de_voto,200,pareto,1.16,100,21,1.0,30,10000,0.0,0,0.1,0.0,0.0,1,0.0,0.0,custo_takeover_51,stake,3.817094,0.475914,30,123
20260703-200911,4,G4,compra_de_voto,200,pareto,1.16,100,21,1.0,30,10000,0.0,0,0.1,0.0,0.0,1,0.0,0.0,custo_takeover_51,eleito,3.817094,0.475914,30,123
20260703-200911,4,G4,compra_de_voto,200,pareto,1.16,100,21,1.0,30,10000,0.0,0,0.1,0.0,0.0,1,0.0,0.0,custo_takeover_51,produzido,3.817094,0.475914,30,123
20260703-200911,4,G4,compra_de_voto,200,pareto,1.16,100,21,1.0,30,10000,0.0,0,0.1,0.0,0.0,1,0.0,0.0,gini,stake,0.643934,0.040117,30,123
20260703-200911,4,G4,compra_de_voto,200,pareto,1.16,100,21,1.0,30,10000,0.0,0,0.1,0.0,0.0,1,0.0,0.0,gini,eleito,0.27732,0.040368,30,123
20260703-200911,4,G4,compra_de_voto,200,pareto,1.16,100,21,1.0,30,10000,0.0,0,0.1,0.0,0.0,1,0.0,0.0,gini,produzido,0.280776,0.040731,30,123
20260703-200911,4,G4,compra_de_voto,200,pareto,1.16,100,21,1.0,30,10000,0.0,0,0.1,0.0,0.0,1,0.0,0.0,coef_nakamoto,stake,5.133333,1.235093,30,123
20260703-200911,4,G4,compra_de_voto,200,pareto,1.16,100,21,1.0,30,10000,0.0,0,0.1,0.0,0.0,1,0.0,0.0,coef_nakamoto,eleito,4.666667,0.254485,30,123
20260703-200911,4,G4,compra_de_voto,200,pareto,1.16,100,21,1.0,30,10000,0.0,0,0.1,0.0,0.0,1,0.0,0.0,coef_nakamoto,produzido,4.6,0.259071,30,123
20260703-200911,5,G4,compra_de_voto,200,uniforme,1.16,100,21,1.0,30,10000,0.0,0,0.0,0.0,0.0,1,0.0,0.0,custo_por_cadeira,stake,0.002588,0.00106,30,123
20260703-200911,5,G4,compra_de_voto,200,uniforme,1.16,100,21,1.0,30,10000,0.0,0,0.0,0.0,0.0,1,0.0,0.0,custo_por_cadeira,eleito,0.002588,0.00106,30,123
20260703-200911,5,G4,compra_de_voto,200,uniforme,1.16,100,21,1.0,30,10000,0.0,0,0.0,0.0,0.0,1,0.0,0.0,custo_por_cadeira,produzido,0.002588,0.00106,30,123
20260703-200911,5,G4,compra_de_voto,200,uniforme,1.16,100,21,1.0,30,10000,0.0,0,0.0,0.0,0.0,1,0.0,0.0,custo_takeover,stake,2.982834,0.02752,30,123
20260703-200911,5,G4,compra_de_voto,200,uniforme,1.16,100,21,1.0,30,10000,0.0,0,0.0,0.0,0.0,1,0.0,0.0,custo_takeover,eleito,2.982834,0.02752,30,123
20260703-200911,5,G4,compra_de_voto,200,uniforme,1.16,100,21,1.0,30,10000,0.0,0,0.0,0.0,0.0,1,0.0,0.0,custo_takeover,produzido,2.982834,0.02752,30,123
20260703-200911,5,G4,compra_de_voto,200,uniforme,1.16,100,21,1.0,30,10000,0.0,0,0.0,0.0,0.0,1,0.0,0.0,custo_takeover_51,stake,4.150642,0.039023,30,123
20260703-200911,5,G4,compra_de_voto,200,uniforme,1.16,100,21,1.0,30,10000,0.0,0,0.0,0.0,0.0,1,0.0,0.0,custo_takeover_51,eleito,4.150642,0.039023,30,123
20260703-200911,5,G4,compra_de_voto,200,uniforme,1.16,100,21,1.0,30,10000,0.0,0,0.0,0.0,0.0,1,0.0,0.0,custo_takeover_51,produzido,4.150642,0.039023,30,123
20260703-200911,5,G4,compra_de_voto,200,uniforme,1.16,100,21,1.0,30,10000,0.0,0,0.0,0.0,0.0,1,0.0,0.0,gini,stake,0.334745,0.005923,30,123
20260703-200911,5,G4,compra_de_voto,200,uniforme,1.16,100,21,1.0,30,10000,0.0,0,0.0,0.0,0.0,1,0.0,0.0,gini,eleito,0.035231,0.002681,30,123
20260703-200911,5,G4,compra_de_voto,200,uniforme,1.16,100,21,1.0,30,10000,0.0,0,0.0,0.0,0.0,1,0.0,0.0,gini,produzido,0.044216,0.002658,30,123
20260703-200911,5,G4,compra_de_voto,200,uniforme,1.16,100,21,1.0,30,10000,0.0,0,0.0,0.0,0.0,1,0.0,0.0,coef_nakamoto,stake,37.1,0.491462,30,123
20260703-200911,5,G4,compra_de_voto,200,uniforme,1.16,100,21,1.0,30,10000,0.0,0,0.0,0.0,0.0,1,0.0,0.0,coef_nakamoto,eleito,7.0,0.0,30,123
20260703-200911,5,G4,compra_de_voto,200,uniforme,1.16,100,21,1.0,30,10000,0.0,0,0.0,0.0,0.0,1,0.0,0.0,coef_nakamoto,produzido,7.0,0.0,30,123
20260703-200911,6,G4,compra_de_voto,200,uniforme,1.16,100,21,1.0,30,10000,0.0,0,0.02,0.0,0.0,1,0.0,0.0,custo_por_cadeira,stake,0.002511,0.000781,30,123
20260703-200911,6,G4,compra_de_voto,200,uniforme,1.16,100,21,1.0,30,10000,0.0,0,0.02,0.0,0.0,1,0.0,0.0,custo_por_cadeira,eleito,0.002511,0.000781,30,123
20260703-200911,6,G4,compra_de_voto,200,uniforme,1.16,100,21,1.0,30,10000,0.0,0,0.02,0.0,0.0,1,0.0,0.0,custo_por_cadeira,produzido,0.002511,0.000781,30,123
20260703-200911,6,G4,compra_de_voto,200,uniforme,1.16,100,21,1.0,30,10000,0.0,0,0.02,0.0,0.0,1,0.0,0.0,custo_takeover,stake,2.924337,0.026954,30,123
20260703-200911,6,G4,compra_de_voto,200,uniforme,1.16,100,21,1.0,30,10000,0.0,0,0.02,0.0,0.0,1,0.0,0.0,custo_takeover,eleito,2.924337,0.026954,30,123
20260703-200911,6,G4,compra_de_voto,200,uniforme,1.16,100,21,1.0,30,10000,0.0,0,0.02,0.0,0.0,1,0.0,0.0,custo_takeover,produzido,2.924337,0.026954,30,123
20260703-200911,6,G4,compra_de_voto,200,uniforme,1.16,100,21,1.0,30,10000,0.0,0,0.02,0.0,0.0,1,0.0,0.0,custo_takeover_51,stake,4.074245,0.038577,30,123
20260703-200911,6,G4,compra_de_voto,200,uniforme,1.16,100,21,1.0,30,10000,0.0,0,0.02,0.0,0.0,1,0.0,0.0,custo_takeover_51,eleito,4.074245,0.038577,30,123
20260703-200911,6,G4,compra_de_voto,200,uniforme,1.16,100,21,1.0,30,10000,0.0,0,0.02,0.0,0.0,1,0.0,0.0,custo_takeover_51,produzido,4.074245,0.038577,30,123
20260703-200911,6,G4,compra_de_voto,200,uniforme,1.16,100,21,1.0,30,10000,0.0,0,0.02,0.0,0.0,1,0.0,0.0,gini,stake,0.334745,0.005923,30,123
20260703-200911,6,G4,compra_de_voto,200,uniforme,1.16,100,21,1.0,30,10000,0.0,0,0.02,0.0,0.0,1,0.0,0.0,gini,eleito,0.096457,0.002268,30,123
20260703-200911,6,G4,compra_de_voto,200,uniforme,1.16,100,21,1.0,30,10000,0.0,0,0.02,0.0,0.0,1,0.0,0.0,gini,produzido,0.104774,0.002586,30,123
20260703-200911,6,G4,compra_de_voto,200,uniforme,1.16,100,21,1.0,30,10000,0.0,0,0.02,0.0,0.0,1,0.0,0.0,coef_nakamoto,stake,37.1,0.491462,30,123
20260703-200911,6,G4,compra_de_voto,200,uniforme,1.16,100,21,1.0,30,10000,0.0,0,0.02,0.0,0.0,1,0.0,0.0,coef_nakamoto,eleito,6.0,0.0,30,123
20260703-200911,6,G4,compra_de_voto,200,uniforme,1.16,100,21,1.0,30,10000,0.0,0,0.02,0.0,0.0,1,0.0,0.0,coef_nakamoto,produzido,6.0,0.0,30,123
20260703-200911,7,G4,compra_de_voto,200,uniforme,1.16,100,21,1.0,30,10000,0.0,0,0.05,0.0,0.0,1,0.0,0.0,custo_por_cadeira,stake,0.002896,0.001142,30,123
20260703-200911,7,G4,compra_de_voto,200,uniforme,1.16,100,21,1.0,30,10000,0.0,0,0.05,0.0,0.0,1,0.0,0.0,custo_por_cadeira,eleito,0.002896,0.001142,30,123
20260703-200911,7,G4,compra_de_voto,200,uniforme,1.16,100,21,1.0,30,10000,0.0,0,0.05,0.0,0.0,1,0.0,0.0,custo_por_cadeira,produzido,0.002896,0.001142,30,123
20260703-200911,7,G4,compra_de_voto,200,uniforme,1.16,100,21,1.0,30,10000,0.0,0,0.05,0.0,0.0,1,0.0,0.0,custo_takeover,stake,2.815918,0.025223,30,123
20260703-200911,7,G4,compra_de_voto,200,uniforme,1.16,100,21,1.0,30,10000,0.0,0,0.05,0.0,0.0,1,0.0,0.0,custo_takeover,eleito,2.815918,0.025223,30,123
20260703-200911,7,G4,compra_de_voto,200,uniforme,1.16,100,21,1.0,30,10000,0.0,0,0.05,0.0,0.0,1,0.0,0.0,custo_takeover,produzido,2.815918,0.025223,30,123
20260703-200911,7,G4,compra_de_voto,200,uniforme,1.16,100,21,1.0,30,10000,0.0,0,0.05,0.0,0.0,1,0.0,0.0,custo_takeover_51,stake,3.923238,0.036238,30,123
20260703-200911,7,G4,compra_de_voto,200,uniforme,1.16,100,21,1.0,30,10000,0.0,0,0.05,0.0,0.0,1,0.0,0.0,custo_takeover_51,eleito,3.923238,0.036238,30,123
20260703-200911,7,G4,compra_de_voto,200,uniforme,1.16,100,21,1.0,30,10000,0.0,0,0.05,0.0,0.0,1,0.0,0.0,custo_takeover_51,produzido,3.923238,0.036238,30,123
20260703-200911,7,G4,compra_de_voto,200,uniforme,1.16,100,21,1.0,30,10000,0.0,0,0.05,0.0,0.0,1,0.0,0.0,gini,stake,0.334745,0.005923,30,123
20260703-200911,7,G4,compra_de_voto,200,uniforme,1.16,100,21,1.0,30,10000,0.0,0,0.05,0.0,0.0,1,0.0,0.0,gini,eleito,0.101334,0.002121,30,123
20260703-200911,7,G4,compra_de_voto,200,uniforme,1.16,100,21,1.0,30,10000,0.0,0,0.05,0.0,0.0,1,0.0,0.0,gini,produzido,0.108745,0.002478,30,123
20260703-200911,7,G4,compra_de_voto,200,uniforme,1.16,100,21,1.0,30,10000,0.0,0,0.05,0.0,0.0,1,0.0,0.0,coef_nakamoto,stake,37.1,0.491462,30,123
20260703-200911,7,G4,compra_de_voto,200,uniforme,1.16,100,21,1.0,30,10000,0.0,0,0.05,0.0,0.0,1,0.0,0.0,coef_nakamoto,eleito,6.0,0.0,30,123
20260703-200911,7,G4,compra_de_voto,200,uniforme,1.16,100,21,1.0,30,10000,0.0,0,0.05,0.0,0.0,1,0.0,0.0,coef_nakamoto,produzido,6.0,0.0,30,123
20260703-200911,8,G4,compra_de_voto,200,uniforme,1.16,100,21,1.0,30,10000,0.0,0,0.1,0.0,0.0,1,0.0,0.0,custo_por_cadeira,stake,0.002396,0.000846,30,123
20260703-200911,8,G4,compra_de_voto,200,uniforme,1.16,100,21,1.0,30,10000,0.0,0,0.1,0.0,0.0,1,0.0,0.0,custo_por_cadeira,eleito,0.002396,0.000846,30,123
20260703-200911,8,G4,compra_de_voto,200,uniforme,1.16,100,21,1.0,30,10000,0.0,0,0.1,0.0,0.0,1,0.0,0.0,custo_por_cadeira,produzido,0.002396,0.000846,30,123
20260703-200911,8,G4,compra_de_voto,200,uniforme,1.16,100,21,1.0,30,10000,0.0,0,0.1,0.0,0.0,1,0.0,0.0,custo_takeover,stake,2.658503,0.023975,30,123
20260703-200911,8,G4,compra_de_voto,200,uniforme,1.16,100,21,1.0,30,10000,0.0,0,0.1,0.0,0.0,1,0.0,0.0,custo_takeover,eleito,2.658503,0.023975,30,123
20260703-200911,8,G4,compra_de_voto,200,uniforme,1.16,100,21,1.0,30,10000,0.0,0,0.1,0.0,0.0,1,0.0,0.0,custo_takeover,produzido,2.658503,0.023975,30,123
20260703-200911,8,G4,compra_de_voto,200,uniforme,1.16,100,21,1.0,30,10000,0.0,0,0.1,0.0,0.0,1,0.0,0.0,custo_takeover_51,stake,3.703587,0.035258,30,123
20260703-200911,8,G4,compra_de_voto,200,uniforme,1.16,100,21,1.0,30,10000,0.0,0,0.1,0.0,0.0,1,0.0,0.0,custo_takeover_51,eleito,3.703587,0.035258,30,123
20260703-200911,8,G4,compra_de_voto,200,uniforme,1.16,100,21,1.0,30,10000,0.0,0,0.1,0.0,0.0,1,0.0,0.0,custo_takeover_51,produzido,3.703587,0.035258,30,123
20260703-200911,8,G4,compra_de_voto,200,uniforme,1.16,100,21,1.0,30,10000,0.0,0,0.1,0.0,0.0,1,0.0,0.0,gini,stake,0.334745,0.005923,30,123
20260703-200911,8,G4,compra_de_voto,200,uniforme,1.16,100,21,1.0,30,10000,0.0,0,0.1,0.0,0.0,1,0.0,0.0,gini,eleito,0.108053,0.001846,30,123
20260703-200911,8,G4,compra_de_voto,200,uniforme,1.16,100,21,1.0,30,10000,0.0,0,0.1,0.0,0.0,1,0.0,0.0,gini,produzido,0.11529,0.002504,30,123
20260703-200911,8,G4,compra_de_voto,200,uniforme,1.16,100,21,1.0,30,10000,0.0,0,0.1,0.0,0.0,1,0.0,0.0,coef_nakamoto,stake,37.1,0.491462,30,123
20260703-200911,8,G4,compra_de_voto,200,uniforme,1.16,100,21,1.0,30,10000,0.0,0,0.1,0.0,0.0,1,0.0,0.0,coef_nakamoto,eleito,6.0,0.0,30,123
20260703-200911,8,G4,compra_de_voto,200,uniforme,1.16,100,21,1.0,30,10000,0.0,0,0.1,0.0,0.0,1,0.0,0.0,coef_nakamoto,produzido,6.0,0.0,30,123
20260703-200911,9,G4,compra_de_voto,200,zipf,1.16,100,21,1.0,30,10000,0.0,0,0.0,0.0,0.0,1,0.0,0.0,custo_por_cadeira,stake,0.0,0.0,30,123
20260703-200911,9,G4,compra_de_voto,200,zipf,1.16,100,21,1.0,30,10000,0.0,0,0.0,0.0,0.0,1,0.0,0.0,custo_por_cadeira,eleito,0.0,0.0,30,123
20260703-200911,9,G4,compra_de_voto,200,zipf,1.16,100,21,1.0,30,10000,0.0,0,0.0,0.0,0.0,1,0.0,0.0,custo_por_cadeira,produzido,0.0,0.0,30,123
20260703-200911,9,G4,compra_de_voto,200,zipf,1.16,100,21,1.0,30,10000,0.0,0,0.0,0.0,0.0,1,0.0,0.0,custo_takeover,stake,1e-06,1e-06,30,123
20260703-200911,9,G4,compra_de_voto,200,zipf,1.16,100,21,1.0,30,10000,0.0,0,0.0,0.0,0.0,1,0.0,0.0,custo_takeover,eleito,1e-06,1e-06,30,123
20260703-200911,9,G4,compra_de_voto,200,zipf,1.16,100,21,1.0,30,10000,0.0,0,0.0,0.0,0.0,1,0.0,0.0,custo_takeover,produzido,1e-06,1e-06,30,123
20260703-200911,9,G4,compra_de_voto,200,zipf,1.16,100,21,1.0,30,10000,0.0,0,0.0,0.0,0.0,1,0.0,0.0,custo_takeover_51,stake,0.000278,0.000545,30,123
20260703-200911,9,G4,compra_de_voto,200,zipf,1.16,100,21,1.0,30,10000,0.0,0,0.0,0.0,0.0,1,0.0,0.0,custo_takeover_51,eleito,0.000278,0.000545,30,123
20260703-200911,9,G4,compra_de_voto,200,zipf,1.16,100,21,1.0,30,10000,0.0,0,0.0,0.0,0.0,1,0.0,0.0,custo_takeover_51,produzido,0.000278,0.000545,30,123
20260703-200911,9,G4,compra_de_voto,200,zipf,1.16,100,21,1.0,30,10000,0.0,0,0.0,0.0,0.0,1,0.0,0.0,gini,stake,0.993524,0.00068,30,123
20260703-200911,9,G4,compra_de_voto,200,zipf,1.16,100,21,1.0,30,10000,0.0,0,0.0,0.0,0.0,1,0.0,0.0,gini,eleito,0.894197,0.021716,30,123
20260703-200911,9,G4,compra_de_voto,200,zipf,1.16,100,21,1.0,30,10000,0.0,0,0.0,0.0,0.0,1,0.0,0.0,gini,produzido,0.894409,0.02164,30,123
20260703-200911,9,G4,compra_de_voto,200,zipf,1.16,100,21,1.0,30,10000,0.0,0,0.0,0.0,0.0,1,0.0,0.0,coef_nakamoto,stake,1.0,0.0,30,123
20260703-200911,9,G4,compra_de_voto,200,zipf,1.16,100,21,1.0,30,10000,0.0,0,0.0,0.0,0.0,1,0.0,0.0,coef_nakamoto,eleito,1.2,0.145585,30,123
20260703-200911,9,G4,compra_de_voto,200,zipf,1.16,100,21,1.0,30,10000,0.0,0,0.0,0.0,0.0,1,0.0,0.0,coef_nakamoto,produzido,1.166667,0.135641,30,123
20260703-200911,10,G4,compra_de_voto,200,zipf,1.16,100,21,1.0,30,10000,0.0,0,0.02,0.0,0.0,1,0.0,0.0,custo_por_cadeira,stake,0.0,0.0,30,123
20260703-200911,10,G4,compra_de_voto,200,zipf,1.16,100,21,1.0,30,10000,0.0,0,0.02,0.0,0.0,1,0.0,0.0,custo_por_cadeira,eleito,0.0,0.0,30,123
20260703-200911,10,G4,compra_de_voto,200,zipf,1.16,100,21,1.0,30,10000,0.0,0,0.02,0.0,0.0,1,0.0,0.0,custo_por_cadeira,produzido,0.0,0.0,30,123
20260703-200911,10,G4,compra_de_voto,200,zipf,1.16,100,21,1.0,30,10000,0.0,0,0.02,0.0,0.0,1,0.0,0.0,custo_takeover,stake,8e-06,1.5e-05,30,123
20260703-200911,10,G4,compra_de_voto,200,zipf,1.16,100,21,1.0,30,10000,0.0,0,0.02,0.0,0.0,1,0.0,0.0,custo_takeover,eleito,8e-06,1.5e-05,30,123
20260703-200911,10,G4,compra_de_voto,200,zipf,1.16,100,21,1.0,30,10000,0.0,0,0.02,0.0,0.0,1,0.0,0.0,custo_takeover,produzido,8e-06,1.5e-05,30,123
20260703-200911,10,G4,compra_de_voto,200,zipf,1.16,100,21,1.0,30,10000,0.0,0,0.02,0.0,0.0,1,0.0,0.0,custo_takeover_51,stake,0.000518,0.001015,30,123
20260703-200911,10,G4,compra_de_voto,200,zipf,1.16,100,21,1.0,30,10000,0.0,0,0.02,0.0,0.0,1,0.0,0.0,custo_takeover_51,eleito,0.000518,0.001015,30,123
20260703-200911,10,G4,compra_de_voto,200,zipf,1.16,100,21,1.0,30,10000,0.0,0,0.02,0.0,0.0,1,0.0,0.0,custo_takeover_51,produzido,0.000518,0.001015,30,123
20260703-200911,10,G4,compra_de_voto,200,zipf,1.16,100,21,1.0,30,10000,0.0,0,0.02,0.0,0.0,1,0.0,0.0,gini,stake,0.993524,0.00068,30,123
20260703-200911,10,G4,compra_de_voto,200,zipf,1.16,100,21,1.0,30,10000,0.0,0,0.02,0.0,0.0,1,0.0,0.0,gini,eleito,0.86768,0.021453,30,123
20260703-200911,10,G4,compra_de_voto,200,zipf,1.16,100,21,1.0,30,10000,0.0,0,0.02,0.0,0.0,1,0.0,0.0,gini,produzido,0.868167,0.021396,30,123
20260703-200911,10,G4,compra_de_voto,200,zipf,1.16,100,21,1.0,30,10000,0.0,0,0.02,0.0,0.0,1,0.0,0.0,coef_nakamoto,stake,1.0,0.0,30,123
20260703-200911,10,G4,compra_de_voto,200,zipf,1.16,100,21,1.0,30,10000,0.0,0,0.02,0.0,0.0,1,0.0,0.0,coef_nakamoto,eleito,1.266667,0.16095,30,123
20260703-200911,10,G4,compra_de_voto,200,zipf,1.16,100,21,1.0,30,10000,0.0,0,0.02,0.0,0.0,1,0.0,0.0,coef_nakamoto,produzido,1.266667,0.16095,30,123
20260703-200911,11,G4,compra_de_voto,200,zipf,1.16,100,21,1.0,30,10000,0.0,0,0.05,0.0,0.0,1,0.0,0.0,custo_por_cadeira,stake,0.0,0.0,30,123
20260703-200911,11,G4,compra_de_voto,200,zipf,1.16,100,21,1.0,30,10000,0.0,0,0.05,0.0,0.0,1,0.0,0.0,custo_por_cadeira,eleito,0.0,0.0,30,123
20260703-200911,11,G4,compra_de_voto,200,zipf,1.16,100,21,1.0,30,10000,0.0,0,0.05,0.0,0.0,1,0.0,0.0,custo_por_cadeira,produzido,0.0,0.0,30,123
20260703-200911,11,G4,compra_de_voto,200,zipf,1.16,100,21,1.0,30,10000,0.0,0,0.05,0.0,0.0,1,0.0,0.0,custo_takeover,stake,8e-06,1.5e-05,30,123
20260703-200911,11,G4,compra_de_voto,200,zipf,1.16,100,21,1.0,30,10000,0.0,0,0.05,0.0,0.0,1,0.0,0.0,custo_takeover,eleito,8e-06,1.5e-05,30,123
20260703-200911,11,G4,compra_de_voto,200,zipf,1.16,100,21,1.0,30,10000,0.0,0,0.05,0.0,0.0,1,0.0,0.0,custo_takeover,produzido,8e-06,1.5e-05,30,123
20260703-200911,11,G4,compra_de_voto,200,zipf,1.16,100,21,1.0,30,10000,0.0,0,0.05,0.0,0.0,1,0.0,0.0,custo_takeover_51,stake,0.000518,0.001015,30,123
20260703-200911,11,G4,compra_de_voto,200,zipf,1.16,100,21,1.0,30,10000,0.0,0,0.05,0.0,0.0,1,0.0,0.0,custo_takeover_51,eleito,0.000518,0.001015,30,123
20260703-200911,11,G4,compra_de_voto,200,zipf,1.16,100,21,1.0,30,10000,0.0,0,0.05,0.0,0.0,1,0.0,0.0,custo_takeover_51,produzido,0.000518,0.001015,30,123
20260703-200911,11,G4,compra_de_voto,200,zipf,1.16,100,21,1.0,30,10000,0.0,0,0.05,0.0,0.0,1,0.0,0.0,gini,stake,0.993524,0.00068,30,123
20260703-200911,11,G4,compra_de_voto,200,zipf,1.16,100,21,1.0,30,10000,0.0,0,0.05,0.0,0.0,1,0.0,0.0,gini,eleito,0.849293,0.019513,30,123
20260703-200911,11,G4,compra_de_voto,200,zipf,1.16,100,21,1.0,30,10000,0.0,0,0.05,0.0,0.0,1,0.0,0.0,gini,produzido,0.850073,0.019456,30,123
20260703-200911,11,G4,compra_de_voto,200,zipf,1.16,100,21,1.0,30,10000,0.0,0,0.05,0.0,0.0,1,0.0,0.0,coef_nakamoto,stake,1.0,0.0,30,123
20260703-200911,11,G4,compra_de_voto,200,zipf,1.16,100,21,1.0,30,10000,0.0,0,0.05,0.0,0.0,1,0.0,0.0,coef_nakamoto,eleito,1.533333,0.181577,30,123
20260703-200911,11,G4,compra_de_voto,200,zipf,1.16,100,21,1.0,30,10000,0.0,0,0.05,0.0,0.0,1,0.0,0.0,coef_nakamoto,produzido,1.366667,0.175392,30,123
20260703-200911,12,G4,compra_de_voto,200,zipf,1.16,100,21,1.0,30,10000,0.0,0,0.1,0.0,0.0,1,0.0,0.0,custo_por_cadeira,stake,0.0,0.0,30,123
20260703-200911,12,G4,compra_de_voto,200,zipf,1.16,100,21,1.0,30,10000,0.0,0,0.1,0.0,0.0,1,0.0,0.0,custo_por_cadeira,eleito,0.0,0.0,30,123
20260703-200911,12,G4,compra_de_voto,200,zipf,1.16,100,21,1.0,30,10000,0.0,0,0.1,0.0,0.0,1,0.0,0.0,custo_por_cadeira,produzido,0.0,0.0,30,123
20260703-200911,12,G4,compra_de_voto,200,zipf,1.16,100,21,1.0,30,10000,0.0,0,0.1,0.0,0.0,1,0.0,0.0,custo_takeover,stake,8e-06,1.5e-05,30,123
20260703-200911,12,G4,compra_de_voto,200,zipf,1.16,100,21,1.0,30,10000,0.0,0,0.1,0.0,0.0,1,0.0,0.0,custo_takeover,eleito,8e-06,1.5e-05,30,123
20260703-200911,12,G4,compra_de_voto,200,zipf,1.16,100,21,1.0,30,10000,0.0,0,0.1,0.0,0.0,1,0.0,0.0,custo_takeover,produzido,8e-06,1.5e-05,30,123
20260703-200911,12,G4,compra_de_voto,200,zipf,1.16,100,21,1.0,30,10000,0.0,0,0.1,0.0,0.0,1,0.0,0.0,custo_takeover_51,stake,0.000518,0.001015,30,123
20260703-200911,12,G4,compra_de_voto,200,zipf,1.16,100,21,1.0,30,10000,0.0,0,0.1,0.0,0.0,1,0.0,0.0,custo_takeover_51,eleito,0.000518,0.001015,30,123
20260703-200911,12,G4,compra_de_voto,200,zipf,1.16,100,21,1.0,30,10000,0.0,0,0.1,0.0,0.0,1,0.0,0.0,custo_takeover_51,produzido,0.000518,0.001015,30,123
20260703-200911,12,G4,compra_de_voto,200,zipf,1.16,100,21,1.0,30,10000,0.0,0,0.1,0.0,0.0,1,0.0,0.0,gini,stake,0.993524,0.00068,30,123
20260703-200911,12,G4,compra_de_voto,200,zipf,1.16,100,21,1.0,30,10000,0.0,0,0.1,0.0,0.0,1,0.0,0.0,gini,eleito,0.852465,0.020116,30,123
20260703-200911,12,G4,compra_de_voto,200,zipf,1.16,100,21,1.0,30,10000,0.0,0,0.1,0.0,0.0,1,0.0,0.0,gini,produzido,0.85324,0.020057,30,123
20260703-200911,12,G4,compra_de_voto,200,zipf,1.16,100,21,1.0,30,10000,0.0,0,0.1,0.0,0.0,1,0.0,0.0,coef_nakamoto,stake,1.0,0.0,30,123
20260703-200911,12,G4,compra_de_voto,200,zipf,1.16,100,21,1.0,30,10000,0.0,0,0.1,0.0,0.0,1,0.0,0.0,coef_nakamoto,eleito,1.533333,0.181577,30,123
20260703-200911,12,G4,compra_de_voto,200,zipf,1.16,100,21,1.0,30,10000,0.0,0,0.1,0.0,0.0,1,0.0,0.0,coef_nakamoto,produzido,1.366667,0.175392,30,123
20260703-200911,13,G4,compra_de_voto,500,pareto,1.16,100,21,1.0,30,10000,0.0,0,0.0,0.0,0.0,1,0.0,0.0,custo_por_cadeira,stake,0.015222,0.006181,30,123
20260703-200911,13,G4,compra_de_voto,500,pareto,1.16,100,21,1.0,30,10000,0.0,0,0.0,0.0,0.0,1,0.0,0.0,custo_por_cadeira,eleito,0.015222,0.006181,30,123
20260703-200911,13,G4,compra_de_voto,500,pareto,1.16,100,21,1.0,30,10000,0.0,0,0.0,0.0,0.0,1,0.0,0.0,custo_por_cadeira,produzido,0.015222,0.006181,30,123
20260703-200911,13,G4,compra_de_voto,500,pareto,1.16,100,21,1.0,30,10000,0.0,0,0.0,0.0,0.0,1,0.0,0.0,custo_takeover,stake,2.818189,0.274776,30,123
20260703-200911,13,G4,compra_de_voto,500,pareto,1.16,100,21,1.0,30,10000,0.0,0,0.0,0.0,0.0,1,0.0,0.0,custo_takeover,eleito,2.818189,0.274776,30,123
20260703-200911,13,G4,compra_de_voto,500,pareto,1.16,100,21,1.0,30,10000,0.0,0,0.0,0.0,0.0,1,0.0,0.0,custo_takeover,produzido,2.818189,0.274776,30,123
20260703-200911,13,G4,compra_de_voto,500,pareto,1.16,100,21,1.0,30,10000,0.0,0,0.0,0.0,0.0,1,0.0,0.0,custo_takeover_51,stake,4.302765,0.376373,30,123
20260703-200911,13,G4,compra_de_voto,500,pareto,1.16,100,21,1.0,30,10000,0.0,0,0.0,0.0,0.0,1,0.0,0.0,custo_takeover_51,eleito,4.302765,0.376373,30,123
20260703-200911,13,G4,compra_de_voto,500,pareto,1.16,100,21,1.0,30,10000,0.0,0,0.0,0.0,0.0,1,0.0,0.0,custo_takeover_51,produzido,4.302765,0.376373,30,123
20260703-200911,13,G4,compra_de_voto,500,pareto,1.16,100,21,1.0,30,10000,0.0,0,0.0,0.0,0.0,1,0.0,0.0,gini,stake,0.649071,0.029101,30,123
20260703-200911,13,G4,compra_de_voto,500,pareto,1.16,100,21,1.0,30,10000,0.0,0,0.0,0.0,0.0,1,0.0,0.0,gini,eleito,0.243075,0.025738,30,123
20260703-200911,13,G4,compra_de_voto,500,pareto,1.16,100,21,1.0,30,10000,0.0,0,0.0,0.0,0.0,1,0.0,0.0,gini,produzido,0.244479,0.02575,30,123
20260703-200911,13,G4,compra_de_voto,500,pareto,1.16,100,21,1.0,30,10000,0.0,0,0.0,0.0,0.0,1,0.0,0.0,coef_nakamoto,stake,9.066667,2.441417,30,123
20260703-200911,13,G4,compra_de_voto,500,pareto,1.16,100,21,1.0,30,10000,0.0,0,0.0,0.0,0.0,1,0.0,0.0,coef_nakamoto,eleito,4.833333,0.211878,30,123
20260703-200911,13,G4,compra_de_voto,500,pareto,1.16,100,21,1.0,30,10000,0.0,0,0.0,0.0,0.0,1,0.0,0.0,coef_nakamoto,produzido,4.833333,0.211878,30,123
20260703-200911,14,G4,compra_de_voto,500,pareto,1.16,100,21,1.0,30,10000,0.0,0,0.02,0.0,0.0,1,0.0,0.0,custo_por_cadeira,stake,0.015151,0.005321,30,123
20260703-200911,14,G4,compra_de_voto,500,pareto,1.16,100,21,1.0,30,10000,0.0,0,0.02,0.0,0.0,1,0.0,0.0,custo_por_cadeira,eleito,0.015151,0.005321,30,123
20260703-200911,14,G4,compra_de_voto,500,pareto,1.16,100,21,1.0,30,10000,0.0,0,0.02,0.0,0.0,1,0.0,0.0,custo_por_cadeira,produzido,0.015151,0.005321,30,123
20260703-200911,14,G4,compra_de_voto,500,pareto,1.16,100,21,1.0,30,10000,0.0,0,0.02,0.0,0.0,1,0.0,0.0,custo_takeover,stake,2.905502,0.269381,30,123
20260703-200911,14,G4,compra_de_voto,500,pareto,1.16,100,21,1.0,30,10000,0.0,0,0.02,0.0,0.0,1,0.0,0.0,custo_takeover,eleito,2.905502,0.269381,30,123
20260703-200911,14,G4,compra_de_voto,500,pareto,1.16,100,21,1.0,30,10000,0.0,0,0.02,0.0,0.0,1,0.0,0.0,custo_takeover,produzido,2.905502,0.269381,30,123
20260703-200911,14,G4,compra_de_voto,500,pareto,1.16,100,21,1.0,30,10000,0.0,0,0.02,0.0,0.0,1,0.0,0.0,custo_takeover_51,stake,4.454296,0.38305,30,123
20260703-200911,14,G4,compra_de_voto,500,pareto,1.16,100,21,1.0,30,10000,0.0,0,0.02,0.0,0.0,1,0.0,0.0,custo_takeover_51,eleito,4.454296,0.38305,30,123
20260703-200911,14,G4,compra_de_voto,500,pareto,1.16,100,21,1.0,30,10000,0.0,0,0.02,0.0,0.0,1,0.0,0.0,custo_takeover_51,produzido,4.454296,0.38305,30,123
20260703-200911,14,G4,compra_de_voto,500,pareto,1.16,100,21,1.0,30,10000,0.0,0,0.02,0.0,0.0,1,0.0,0.0,gini,stake,0.649071,0.029101,30,123
20260703-200911,14,G4,compra_de_voto,500,pareto,1.16,100,21,1.0,30,10000,0.0,0,0.02,0.0,0.0,1,0.0,0.0,gini,eleito,0.238929,0.024478,30,123
20260703-200911,14,G4,compra_de_voto,500,pareto,1.16,100,21,1.0,30,10000,0.0,0,0.02,0.0,0.0,1,0.0,0.0,gini,produzido,0.240892,0.024432,30,123
20260703-200911,14,G4,compra_de_voto,500,pareto,1.16,100,21,1.0,30,10000,0.0,0,0.02,0.0,0.0,1,0.0,0.0,coef_nakamoto,stake,9.066667,2.441417,30,123
20260703-200911,14,G4,compra_de_voto,500,pareto,1.16,100,21,1.0,30,10000,0.0,0,0.02,0.0,0.0,1,0.0,0.0,coef_nakamoto,eleito,4.866667,0.204454,30,123
20260703-200911,14,G4,compra_de_voto,500,pareto,1.16,100,21,1.0,30,10000,0.0,0,0.02,0.0,0.0,1,0.0,0.0,coef_nakamoto,produzido,4.833333,0.211878,30,123
20260703-200911,15,G4,compra_de_voto,500,pareto,1.16,100,21,1.0,30,10000,0.0,0,0.05,0.0,0.0,1,0.0,0.0,custo_por_cadeira,stake,0.012065,0.006311,30,123
20260703-200911,15,G4,compra_de_voto,500,pareto,1.16,100,21,1.0,30,10000,0.0,0,0.05,0.0,0.0,1,0.0,0.0,custo_por_cadeira,eleito,0.012065,0.006311,30,123
20260703-200911,15,G4,compra_de_voto,500,pareto,1.16,100,21,1.0,30,10000,0.0,0,0.05,0.0,0.0,1,0.0,0.0,custo_por_cadeira,produzido,0.012065,0.006311,30,123
20260703-200911,15,G4,compra_de_voto,500,pareto,1.16,100,21,1.0,30,10000,0.0,0,0.05,0.0,0.0,1,0.0,0.0,custo_takeover,stake,2.784303,0.26361,30,123
20260703-200911,15,G4,compra_de_voto,500,pareto,1.16,100,21,1.0,30,10000,0.0,0,0.05,0.0,0.0,1,0.0,0.0,custo_takeover,eleito,2.784303,0.26361,30,123
20260703-200911,15,G4,compra_de_voto,500,pareto,1.16,100,21,1.0,30,10000,0.0,0,0.05,0.0,0.0,1,0.0,0.0,custo_takeover,produzido,2.784303,0.26361,30,123
20260703-200911,15,G4,compra_de_voto,500,pareto,1.16,100,21,1.0,30,10000,0.0,0,0.05,0.0,0.0,1,0.0,0.0,custo_takeover_51,stake,4.267479,0.378971,30,123
20260703-200911,15,G4,compra_de_voto,500,pareto,1.16,100,21,1.0,30,10000,0.0,0,0.05,0.0,0.0,1,0.0,0.0,custo_takeover_51,eleito,4.267479,0.378971,30,123
20260703-200911,15,G4,compra_de_voto,500,pareto,1.16,100,21,1.0,30,10000,0.0,0,0.05,0.0,0.0,1,0.0,0.0,custo_takeover_51,produzido,4.267479,0.378971,30,123
20260703-200911,15,G4,compra_de_voto,500,pareto,1.16,100,21,1.0,30,10000,0.0,0,0.05,0.0,0.0,1,0.0,0.0,gini,stake,0.649071,0.029101,30,123
20260703-200911,15,G4,compra_de_voto,500,pareto,1.16,100,21,1.0,30,10000,0.0,0,0.05,0.0,0.0,1,0.0,0.0,gini,eleito,0.24823,0.025419,30,123
20260703-200911,15,G4,compra_de_voto,500,pareto,1.16,100,21,1.0,30,10000,0.0,0,0.05,0.0,0.0,1,0.0,0.0,gini,produzido,0.24993,0.025591,30,123
20260703-200911,15,G4,compra_de_voto,500,pareto,1.16,100,21,1.0,30,10000,0.0,0,0.05,0.0,0.0,1,0.0,0.0,coef_nakamoto,stake,9.066667,2.441417,30,123
20260703-200911,15,G4,compra_de_voto,500,pareto,1.16,100,21,1.0,30,10000,0.0,0,0.05,0.0,0.0,1,0.0,0.0,coef_nakamoto,eleito,4.833333,0.211878,30,123
20260703-200911,15,G4,compra_de_voto,500,pareto,1.16,100,21,1.0,30,10000,0.0,0,0.05,0.0,0.0,1,0.0,0.0,coef_nakamoto,produzido,4.833333,0.211878,30,123
20260703-200911,16,G4,compra_de_voto,500,pareto,1.16,100,21,1.0,30,10000,0.0,0,0.1,0.0,0.0,1,0.0,0.0,custo_por_cadeira,stake,0.007945,0.00225,30,123
20260703-200911,16,G4,compra_de_voto,500,pareto,1.16,100,21,1.0,30,10000,0.0,0,0.1,0.0,0.0,1,0.0,0.0,custo_por_cadeira,eleito,0.007945,0.00225,30,123
20260703-200911,16,G4,compra_de_voto,500,pareto,1.16,100,21,1.0,30,10000,0.0,0,0.1,0.0,0.0,1,0.0,0.0,custo_por_cadeira,produzido,0.007945,0.00225,30,123
20260703-200911,16,G4,compra_de_voto,500,pareto,1.16,100,21,1.0,30,10000,0.0,0,0.1,0.0,0.0,1,0.0,0.0,custo_takeover,stake,2.594648,0.251136,30,123
20260703-200911,16,G4,compra_de_voto,500,pareto,1.16,100,21,1.0,30,10000,0.0,0,0.1,0.0,0.0,1,0.0,0.0,custo_takeover,eleito,2.594648,0.251136,30,123
20260703-200911,16,G4,compra_de_voto,500,pareto,1.16,100,21,1.0,30,10000,0.0,0,0.1,0.0,0.0,1,0.0,0.0,custo_takeover,produzido,2.594648,0.251136,30,123
20260703-200911,16,G4,compra_de_voto,500,pareto,1.16,100,21,1.0,30,10000,0.0,0,0.1,0.0,0.0,1,0.0,0.0,custo_takeover_51,stake,3.986955,0.354045,30,123
20260703-200911,16,G4,compra_de_voto,500,pareto,1.16,100,21,1.0,30,10000,0.0,0,0.1,0.0,0.0,1,0.0,0.0,custo_takeover_51,eleito,3.986955,0.354045,30,123
20260703-200911,16,G4,compra_de_voto,500,pareto,1.16,100,21,1.0,30,10000,0.0,0,0.1,0.0,0.0,1,0.0,0.0,custo_takeover_51,produzido,3.986955,0.354045,30,123
20260703-200911,16,G4,compra_de_voto,500,pareto,1.16,100,21,1.0,30,10000,0.0,0,0.1,0.0,0.0,1,0.0,0.0,gini,stake,0.649071,0.029101,30,123
20260703-200911,16,G4,compra_de_voto,500,pareto,1.16,100,21,1.0,30,10000,0.0,0,0.1,0.0,0.0,1,0.0,0.0,gini,eleito,0.261653,0.025456,30,123
20260703-200911,16,G4,compra_de_voto,500,pareto,1.16,100,21,1.0,30,10000,0.0,0,0.1,0.0,0.0,1,0.0,0.0,gini,produzido,0.263215,0.025629,30,123
20260703-200911,16,G4,compra_de_voto,500,pareto,1.16,100,21,1.0,30,10000,0.0,0,0.1,0.0,0.0,1,0.0,0.0,coef_nakamoto,stake,9.066667,2.441417,30,123
20260703-200911,16,G4,compra_de_voto,500,pareto,1.16,100,21,1.0,30,10000,0.0,0,0.1,0.0,0.0,1,0.0,0.0,coef_nakamoto,eleito,4.733333,0.186377,30,123
20260703-200911,16,G4,compra_de_voto,500,pareto,1.16,100,21,1.0,30,10000,0.0,0,0.1,0.0,0.0,1,0.0,0.0,coef_nakamoto,produzido,4.733333,0.186377,30,123
20260703-200911,17,G4,compra_de_voto,500,uniforme,1.16,100,21,1.0,30,10000,0.0,0,0.0,0.0,0.0,1,0.0,0.0,custo_por_cadeira,stake,0.001281,0.00049,30,123
20260703-200911,17,G4,compra_de_voto,500,uniforme,1.16,100,21,1.0,30,10000,0.0,0,0.0,0.0,0.0,1,0.0,0.0,custo_por_cadeira,eleito,0.001281,0.00049,30,123
20260703-200911,17,G4,compra_de_voto,500,uniforme,1.16,100,21,1.0,30,10000,0.0,0,0.0,0.0,0.0,1,0.0,0.0,custo_por_cadeira,produzido,0.001281,0.00049,30,123
20260703-200911,17,G4,compra_de_voto,500,uniforme,1.16,100,21,1.0,30,10000,0.0,0,0.0,0.0,0.0,1,0.0,0.0,custo_takeover,stake,2.641738,0.008715,30,123
20260703-200911,17,G4,compra_de_voto,500,uniforme,1.16,100,21,1.0,30,10000,0.0,0,0.0,0.0,0.0,1,0.0,0.0,custo_takeover,eleito,2.641738,0.008715,30,123
20260703-200911,17,G4,compra_de_voto,500,uniforme,1.16,100,21,1.0,30,10000,0.0,0,0.0,0.0,0.0,1,0.0,0.0,custo_takeover,produzido,2.641738,0.008715,30,123
20260703-200911,17,G4,compra_de_voto,500,uniforme,1.16,100,21,1.0,30,10000,0.0,0,0.0,0.0,0.0,1,0.0,0.0,custo_takeover_51,stake,3.654811,0.012137,30,123
20260703-200911,17,G4,compra_de_voto,500,uniforme,1.16,100,21,1.0,30,10000,0.0,0,0.0,0.0,0.0,1,0.0,0.0,custo_takeover_51,eleito,3.654811,0.012137,30,123
20260703-200911,17,G4,compra_de_voto,500,uniforme,1.16,100,21,1.0,30,10000,0.0,0,0.0,0.0,0.0,1,0.0,0.0,custo_takeover_51,produzido,3.654811,0.012137,30,123
20260703-200911,17,G4,compra_de_voto,500,uniforme,1.16,100,21,1.0,30,10000,0.0,0,0.0,0.0,0.0,1,0.0,0.0,gini,stake,0.33228,0.004976,30,123
20260703-200911,17,G4,compra_de_voto,500,uniforme,1.16,100,21,1.0,30,10000,0.0,0,0.0,0.0,0.0,1,0.0,0.0,gini,eleito,0.020392,0.001326,30,123
20260703-200911,17,G4,compra_de_voto,500,uniforme,1.16,100,21,1.0,30,10000,0.0,0,0.0,0.0,0.0,1,0.0,0.0,gini,produzido,0.032313,0.002236,30,123
20260703-200911,17,G4,compra_de_voto,500,uniforme,1.16,100,21,1.0,30,10000,0.0,0,0.0,0.0,0.0,1,0.0,0.0,coef_nakamoto,stake,92.633333,0.868865,30,123
20260703-200911,17,G4,compra_de_voto,500,uniforme,1.16,100,21,1.0,30,10000,0.0,0,0.0,0.0,0.0,1,0.0,0.0,coef_nakamoto,eleito,7.0,0.0,30,123
20260703-200911,17,G4,compra_de_voto,500,uniforme,1.16,100,21,1.0,30,10000,0.0,0,0.0,0.0,0.0,1,0.0,0.0,coef_nakamoto,produzido,7.0,0.0,30,123
20260703-200911,18,G4,compra_de_voto,500,uniforme,1.16,100,21,1.0,30,10000,0.0,0,0.02,0.0,0.0,1,0.0,0.0,custo_por_cadeira,stake,0.001263,0.000454,30,123
20260703-200911,18,G4,compra_de_voto,500,uniforme,1.16,100,21,1.0,30,10000,0.0,0,0.02,0.0,0.0,1,0.0,0.0,custo_por_cadeira,eleito,0.001263,0.000454,30,123
20260703-200911,18,G4,compra_de_voto,500,uniforme,1.16,100,21,1.0,30,10000,0.0,0,0.02,0.0,0.0,1,0.0,0.0,custo_por_cadeira,produzido,0.001263,0.000454,30,123
20260703-200911,18,G4,compra_de_voto,500,uniforme,1.16,100,21,1.0,30,10000,0.0,0,0.02,0.0,0.0,1,0.0,0.0,custo_takeover,stake,2.510107,0.01038,30,123
20260703-200911,18,G4,compra_de_voto,500,uniforme,1.16,100,21,1.0,30,10000,0.0,0,0.02,0.0,0.0,1,0.0,0.0,custo_takeover,eleito,2.510107,0.01038,30,123
20260703-200911,18,G4,compra_de_voto,500,uniforme,1.16,100,21,1.0,30,10000,0.0,0,0.02,0.0,0.0,1,0.0,0.0,custo_takeover,produzido,2.510107,0.01038,30,123
20260703-200911,18,G4,compra_de_voto,500,uniforme,1.16,100,21,1.0,30,10000,0.0,0,0.02,0.0,0.0,1,0.0,0.0,custo_takeover_51,stake,3.473488,0.015067,30,123
20260703-200911,18,G4,compra_de_voto,500,uniforme,1.16,100,21,1.0,30,10000,0.0,0,0.02,0.0,0.0,1,0.0,0.0,custo_takeover_51,eleito,3.473488,0.015067,30,123
20260703-200911,18,G4,compra_de_voto,500,uniforme,1.16,100,21,1.0,30,10000,0.0,0,0.02,0.0,0.0,1,0.0,0.0,custo_takeover_51,produzido,3.473488,0.015067,30,123
20260703-200911,18,G4,compra_de_voto,500,uniforme,1.16,100,21,1.0,30,10000,0.0,0,0.02,0.0,0.0,1,0.0,0.0,gini,stake,0.33228,0.004976,30,123
20260703-200911,18,G4,compra_de_voto,500,uniforme,1.16,100,21,1.0,30,10000,0.0,0,0.02,0.0,0.0,1,0.0,0.0,gini,eleito,0.103463,0.001084,30,123
20260703-200911,18,G4,compra_de_voto,500,uniforme,1.16,100,21,1.0,30,10000,0.0,0,0.02,0.0,0.0,1,0.0,0.0,gini,produzido,0.113686,0.002278,30,123
20260703-200911,18,G4,compra_de_voto,500,uniforme,1.16,100,21,1.0,30,10000,0.0,0,0.02,0.0,0.0,1,0.0,0.0,coef_nakamoto,stake,92.633333,0.868865,30,123
20260703-200911,18,G4,compra_de_voto,500,uniforme,1.16,100,21,1.0,30,10000,0.0,0,0.02,0.0,0.0,1,0.0,0.0,coef_nakamoto,eleito,6.0,0.0,30,123
20260703-200911,18,G4,compra_de_voto,500,uniforme,1.16,100,21,1.0,30,10000,0.0,0,0.02,0.0,0.0,1,0.0,0.0,coef_nakamoto,produzido,6.0,0.0,30,123
20260703-200911,19,G4,compra_de_voto,500,uniforme,1.16,100,21,1.0,30,10000,0.0,0,0.05,0.0,0.0,1,0.0,0.0,custo_por_cadeira,stake,0.000828,0.000252,30,123
20260703-200911,19,G4,compra_de_voto,500,uniforme,1.16,100,21,1.0,30,10000,0.0,0,0.05,0.0,0.0,1,0.0,0.0,custo_por_cadeira,eleito,0.000828,0.000252,30,123
20260703-200911,19,G4,compra_de_voto,500,uniforme,1.16,100,21,1.0,30,10000,0.0,0,0.05,0.0,0.0,1,0.0,0.0,custo_por_cadeira,produzido,0.000828,0.000252,30,123
20260703-200911,19,G4,compra_de_voto,500,uniforme,1.16,100,21,1.0,30,10000,0.0,0,0.05,0.0,0.0,1,0.0,0.0,custo_takeover,stake,2.331536,0.009066,30,123
20260703-200911,19,G4,compra_de_voto,500,uniforme,1.16,100,21,1.0,30,10000,0.0,0,0.05,0.0,0.0,1,0.0,0.0,custo_takeover,eleito,2.331536,0.009066,30,123
20260703-200911,19,G4,compra_de_voto,500,uniforme,1.16,100,21,1.0,30,10000,0.0,0,0.05,0.0,0.0,1,0.0,0.0,custo_takeover,produzido,2.331536,0.009066,30,123
20260703-200911,19,G4,compra_de_voto,500,uniforme,1.16,100,21,1.0,30,10000,0.0,0,0.05,0.0,0.0,1,0.0,0.0,custo_takeover_51,stake,3.228723,0.013273,30,123
20260703-200911,19,G4,compra_de_voto,500,uniforme,1.16,100,21,1.0,30,10000,0.0,0,0.05,0.0,0.0,1,0.0,0.0,custo_takeover_51,eleito,3.228723,0.013273,30,123
20260703-200911,19,G4,compra_de_voto,500,uniforme,1.16,100,21,1.0,30,10000,0.0,0,0.05,0.0,0.0,1,0.0,0.0,custo_takeover_51,produzido,3.228723,0.013273,30,123
20260703-200911,19,G4,compra_de_voto,500,uniforme,1.16,100,21,1.0,30,10000,0.0,0,0.05,0.0,0.0,1,0.0,0.0,gini,stake,0.33228,0.004976,30,123
20260703-200911,19,G4,compra_de_voto,500,uniforme,1.16,100,21,1.0,30,10000,0.0,0,0.05,0.0,0.0,1,0.0,0.0,gini,eleito,0.112857,0.001142,30,123
20260703-200911,19,G4,compra_de_voto,500,uniforme,1.16,100,21,1.0,30,10000,0.0,0,0.05,0.0,0.0,1,0.0,0.0,gini,produzido,0.123208,0.002535,30,123
20260703-200911,19,G4,compra_de_voto,500,uniforme,1.16,100,21,1.0,30,10000,0.0,0,0.05,0.0,0.0,1,0.0,0.0,coef_nakamoto,stake,92.633333,0.868865,30,123
20260703-200911,19,G4,compra_de_voto,500,uniforme,1.16,100,21,1.0,30,10000,0.0,0,0.05,0.0,0.0,1,0.0,0.0,coef_nakamoto,eleito,6.0,0.0,30,123
20260703-200911,19,G4,compra_de_voto,500,uniforme,1.16,100,21,1.0,30,10000,0.0,0,0.05,0.0,0.0,1,0.0,0.0,coef_nakamoto,produzido,5.733333,0.16095,30,123
20260703-200911,20,G4,compra_de_voto,500,uniforme,1.16,100,21,1.0,30,10000,0.0,0,0.1,0.0,0.0,1,0.0,0.0,custo_por_cadeira,stake,0.001017,0.000377,30,123
20260703-200911,20,G4,compra_de_voto,500,uniforme,1.16,100,21,1.0,30,10000,0.0,0,0.1,0.0,0.0,1,0.0,0.0,custo_por_cadeira,eleito,0.001017,0.000377,30,123
20260703-200911,20,G4,compra_de_voto,500,uniforme,1.16,100,21,1.0,30,10000,0.0,0,0.1,0.0,0.0,1,0.0,0.0,custo_por_cadeira,produzido,0.001017,0.000377,30,123
20260703-200911,20,G4,compra_de_voto,500,uniforme,1.16,100,21,1.0,30,10000,0.0,0,0.1,0.0,0.0,1,0.0,0.0,custo_takeover,stake,2.088034,0.010311,30,123
20260703-200911,20,G4,compra_de_voto,500,uniforme,1.16,100,21,1.0,30,10000,0.0,0,0.1,0.0,0.0,1,0.0,0.0,custo_takeover,eleito,2.088034,0.010311,30,123
20260703-200911,20,G4,compra_de_voto,500,uniforme,1.16,100,21,1.0,30,10000,0.0,0,0.1,0.0,0.0,1,0.0,0.0,custo_takeover,produzido,2.088034,0.010311,30,123
20260703-200911,20,G4,compra_de_voto,500,uniforme,1.16,100,21,1.0,30,10000,0.0,0,0.1,0.0,0.0,1,0.0,0.0,custo_takeover_51,stake,2.892321,0.014562,30,123
20260703-200911,20,G4,compra_de_voto,500,uniforme,1.16,100,21,1.0,30,10000,0.0,0,0.1,0.0,0.0,1,0.0,0.0,custo_takeover_51,eleito,2.892321,0.014562,30,123
20260703-200911,20,G4,compra_de_voto,500,uniforme,1.16,100,21,1.0,30,10000,0.0,0,0.1,0.0,0.0,1,0.0,0.0,custo_takeover_51,produzido,2.892321,0.014562,30,123
20260703-200911,20,G4,compra_de_voto,500,uniforme,1.16,100,21,1.0,30,10000,0.0,0,0.1,0.0,0.0,1,0.0,0.0,gini,stake,0.33228,0.004976,30,123
20260703-200911,20,G4,compra_de_voto,500,uniforme,1.16,100,21,1.0,30,10000,0.0,0,0.1,0.0,0.0,1,0.0,0.0,gini,eleito,0.127023,0.00151,30,123
20260703-200911,20,G4,compra_de_voto,500,uniforme,1.16,100,21,1.0,30,10000,0.0,0,0.1,0.0,0.0,1,0.0,0.0,gini,produzido,0.137188,0.0028,30,123
20260703-200911,20,G4,compra_de_voto,500,uniforme,1.16,100,21,1.0,30,10000,0.0,0,0.1,0.0,0.0,1,0.0,0.0,coef_nakamoto,stake,92.633333,0.868865,30,123
20260703-200911,20,G4,compra_de_voto,500,uniforme,1.16,100,21,1.0,30,10000,0.0,0,0.1,0.0,0.0,1,0.0,0.0,coef_nakamoto,eleito,5.2,0.145585,30,123
20260703-200911,20,G4,compra_de_voto,500,uniforme,1.16,100,21,1.0,30,10000,0.0,0,0.1,0.0,0.0,1,0.0,0.0,coef_nakamoto,produzido,5.133333,0.123724,30,123
20260703-200911,21,G4,compra_de_voto,500,zipf,1.16,100,21,1.0,30,10000,0.0,0,0.0,0.0,0.0,1,0.0,0.0,custo_por_cadeira,stake,0.0,0.0,30,123
20260703-200911,21,G4,compra_de_voto,500,zipf,1.16,100,21,1.0,30,10000,0.0,0,0.0,0.0,0.0,1,0.0,0.0,custo_por_cadeira,eleito,0.0,0.0,30,123
20260703-200911,21,G4,compra_de_voto,500,zipf,1.16,100,21,1.0,30,10000,0.0,0,0.0,0.0,0.0,1,0.0,0.0,custo_por_cadeira,produzido,0.0,0.0,30,123
20260703-200911,21,G4,compra_de_voto,500,zipf,1.16,100,21,1.0,30,10000,0.0,0,0.0,0.0,0.0,1,0.0,0.0,custo_takeover,stake,0.0,0.0,30,123
20260703-200911,21,G4,compra_de_voto,500,zipf,1.16,100,21,1.0,30,10000,0.0,0,0.0,0.0,0.0,1,0.0,0.0,custo_takeover,eleito,0.0,0.0,30,123
20260703-200911,21,G4,compra_de_voto,500,zipf,1.16,100,21,1.0,30,10000,0.0,0,0.0,0.0,0.0,1,0.0,0.0,custo_takeover,produzido,0.0,0.0,30,123
20260703-200911,21,G4,compra_de_voto,500,zipf,1.16,100,21,1.0,30,10000,0.0,0,0.0,0.0,0.0,1,0.0,0.0,custo_takeover_51,stake,0.0,0.0,30,123
20260703-200911,21,G4,compra_de_voto,500,zipf,1.16,100,21,1.0,30,10000,0.0,0,0.0,0.0,0.0,1,0.0,0.0,custo_takeover_51,eleito,0.0,0.0,30,123
20260703-200911,21,G4,compra_de_voto,500,zipf,1.16,100,21,1.0,30,10000,0.0,0,0.0,0.0,0.0,1,0.0,0.0,custo_takeover_51,produzido,0.0,0.0,30,123
20260703-200911,21,G4,compra_de_voto,500,zipf,1.16,100,21,1.0,30,10000,0.0,0,0.0,0.0,0.0,1,0.0,0.0,gini,stake,0.997519,0.00023,30,123
20260703-200911,21,G4,compra_de_voto,500,zipf,1.16,100,21,1.0,30,10000,0.0,0,0.0,0.0,0.0,1,0.0,0.0,gini,eleito,0.898622,0.017604,30,123
20260703-200911,21,G4,compra_de_voto,500,zipf,1.16,100,21,1.0,30,10000,0.0,0,0.0,0.0,0.0,1,0.0,0.0,gini,produzido,0.898782,0.017569,30,123
20260703-200911,21,G4,compra_de_voto,500,zipf,1.16,100,21,1.0,30,10000,0.0,0,0.0,0.0,0.0,1,0.0,0.0,coef_nakamoto,stake,1.0,0.0,30,123
20260703-200911,21,G4,compra_de_voto,500,zipf,1.16,100,21,1.0,30,10000,0.0,0,0.0,0.0,0.0,1,0.0,0.0,coef_nakamoto,eleito,1.133333,0.123724,30,123
20260703-200911,21,G4,compra_de_voto,500,zipf,1.16,100,21,1.0,30,10000,0.0,0,0.0,0.0,0.0,1,0.0,0.0,coef_nakamoto,produzido,1.1,0.109189,30,123
20260703-200911,22,G4,compra_de_voto,500,zipf,1.16,100,21,1.0,30,10000,0.0,0,0.02,0.0,0.0,1,0.0,0.0,custo_por_cadeira,stake,0.0,0.0,30,123
20260703-200911,22,G4,compra_de_voto,500,zipf,1.16,100,21,1.0,30,10000,0.0,0,0.02,0.0,0.0,1,0.0,0.0,custo_por_cadeira,eleito,0.0,0.0,30,123
20260703-200911,22,G4,compra_de_voto,500,zipf,1.16,100,21,1.0,30,10000,0.0,0,0.02,0.0,0.0,1,0.0,0.0,custo_por_cadeira,produzido,0.0,0.0,30,123
20260703-200911,22,G4,compra_de_voto,500,zipf,1.16,100,21,1.0,30,10000,0.0,0,0.02,0.0,0.0,1,0.0,0.0,custo_takeover,stake,0.0,0.0,30,123
20260703-200911,22,G4,compra_de_voto,500,zipf,1.16,100,21,1.0,30,10000,0.0,0,0.02,0.0,0.0,1,0.0,0.0,custo_takeover,eleito,0.0,0.0,30,123
20260703-200911,22,G4,compra_de_voto,500,zipf,1.16,100,21,1.0,30,10000,0.0,0,0.02,0.0,0.0,1,0.0,0.0,custo_takeover,produzido,0.0,0.0,30,123
20260703-200911,22,G4,compra_de_voto,500,zipf,1.16,100,21,1.0,30,10000,0.0,0,0.02,0.0,0.0,1,0.0,0.0,custo_takeover_51,stake,0.0,0.0,30,123
20260703-200911,22,G4,compra_de_voto,500,zipf,1.16,100,21,1.0,30,10000,0.0,0,0.02,0.0,0.0,1,0.0,0.0,custo_takeover_51,eleito,0.0,0.0,30,123
20260703-200911,22,G4,compra_de_voto,500,zipf,1.16,100,21,1.0,30,10000,0.0,0,0.02,0.0,0.0,1,0.0,0.0,custo_takeover_51,produzido,0.0,0.0,30,123
20260703-200911,22,G4,compra_de_voto,500,zipf,1.16,100,21,1.0,30,10000,0.0,0,0.02,0.0,0.0,1,0.0,0.0,gini,stake,0.997519,0.00023,30,123
20260703-200911,22,G4,compra_de_voto,500,zipf,1.16,100,21,1.0,30,10000,0.0,0,0.02,0.0,0.0,1,0.0,0.0,gini,eleito,0.871603,0.018725,30,123
20260703-200911,22,G4,compra_de_voto,500,zipf,1.16,100,21,1.0,30,10000,0.0,0,0.02,0.0,0.0,1,0.0,0.0,gini,produzido,0.872092,0.018632,30,123
20260703-200911,22,G4,compra_de_voto,500,zipf,1.16,100,21,1.0,30,10000,0.0,0,0.02,0.0,0.0,1,0.0,0.0,coef_nakamoto,stake,1.0,0.0,30,123
20260703-200911,22,G4,compra_de_voto,500,zipf,1.16,100,21,1.0,30,10000,0.0,0,0.02,0.0,0.0,1,0.0,0.0,coef_nakamoto,eleito,1.333333,0.171574,30,123
20260703-200911,22,G4,compra_de_voto,500,zipf,1.16,100,21,1.0,30,10000,0.0,0,0.02,0.0,0.0,1,0.0,0.0,coef_nakamoto,produzido,1.3,0.166789,30,123
20260703-200911,23,G4,compra_de_voto,500,zipf,1.16,100,21,1.0,30,10000,0.0,0,0.05,0.0,0.0,1,0.0,0.0,custo_por_cadeira,stake,0.0,0.0,30,123
20260703-200911,23,G4,compra_de_voto,500,zipf,1.16,100,21,1.0,30,10000,0.0,0,0.05,0.0,0.0,1,0.0,0.0,custo_por_cadeira,eleito,0.0,0.0,30,123
20260703-200911,23,G4,compra_de_voto,500,zipf,1.16,100,21,1.0,30,10000,0.0,0,0.05,0.0,0.0,1,0.0,0.0,custo_por_cadeira,produzido,0.0,0.0,30,123
20260703-200911,23,G4,compra_de_voto,500,zipf,1.16,100,21,1.0,30,10000,0.0,0,0.05,0.0,0.0,1,0.0,0.0,custo_takeover,stake,0.0,0.0,30,123
20260703-200911,23,G4,compra_de_voto,500,zipf,1.16,100,21,1.0,30,10000,0.0,0,0.05,0.0,0.0,1,0.0,0.0,custo_takeover,eleito,0.0,0.0,30,123
20260703-200911,23,G4,compra_de_voto,500,zipf,1.16,100,21,1.0,30,10000,0.0,0,0.05,0.0,0.0,1,0.0,0.0,custo_takeover,produzido,0.0,0.0,30,123
20260703-200911,23,G4,compra_de_voto,500,zipf,1.16,100,21,1.0,30,10000,0.0,0,0.05,0.0,0.0,1,0.0,0.0,custo_takeover_51,stake,0.0,0.0,30,123
20260703-200911,23,G4,compra_de_voto,500,zipf,1.16,100,21,1.0,30,10000,0.0,0,0.05,0.0,0.0,1,0.0,0.0,custo_takeover_51,eleito,0.0,0.0,30,123
20260703-200911,23,G4,compra_de_voto,500,zipf,1.16,100,21,1.0,30,10000,0.0,0,0.05,0.0,0.0,1,0.0,0.0,custo_takeover_51,produzido,0.0,0.0,30,123
20260703-200911,23,G4,compra_de_voto,500,zipf,1.16,100,21,1.0,30,10000,0.0,0,0.05,0.0,0.0,1,0.0,0.0,gini,stake,0.997519,0.00023,30,123
20260703-200911,23,G4,compra_de_voto,500,zipf,1.16,100,21,1.0,30,10000,0.0,0,0.05,0.0,0.0,1,0.0,0.0,gini,eleito,0.852585,0.017202,30,123
20260703-200911,23,G4,compra_de_voto,500,zipf,1.16,100,21,1.0,30,10000,0.0,0,0.05,0.0,0.0,1,0.0,0.0,gini,produzido,0.853339,0.017081,30,123
20260703-200911,23,G4,compra_de_voto,500,zipf,1.16,100,21,1.0,30,10000,0.0,0,0.05,0.0,0.0,1,0.0,0.0,coef_nakamoto,stake,1.0,0.0,30,123
20260703-200911,23,G4,compra_de_voto,500,zipf,1.16,100,21,1.0,30,10000,0.0,0,0.05,0.0,0.0,1,0.0,0.0,coef_nakamoto,eleito,1.6,0.178305,30,123
20260703-200911,23,G4,compra_de_voto,500,zipf,1.16,100,21,1.0,30,10000,0.0,0,0.05,0.0,0.0,1,0.0,0.0,coef_nakamoto,produzido,1.433333,0.180357,30,123
20260703-200911,24,G4,compra_de_voto,500,zipf,1.16,100,21,1.0,30,10000,0.0,0,0.1,0.0,0.0,1,0.0,0.0,custo_por_cadeira,stake,0.0,0.0,30,123
20260703-200911,24,G4,compra_de_voto,500,zipf,1.16,100,21,1.0,30,10000,0.0,0,0.1,0.0,0.0,1,0.0,0.0,custo_por_cadeira,eleito,0.0,0.0,30,123
20260703-200911,24,G4,compra_de_voto,500,zipf,1.16,100,21,1.0,30,10000,0.0,0,0.1,0.0,0.0,1,0.0,0.0,custo_por_cadeira,produzido,0.0,0.0,30,123
20260703-200911,24,G4,compra_de_voto,500,zipf,1.16,100,21,1.0,30,10000,0.0,0,0.1,0.0,0.0,1,0.0,0.0,custo_takeover,stake,0.0,0.0,30,123
20260703-200911,24,G4,compra_de_voto,500,zipf,1.16,100,21,1.0,30,10000,0.0,0,0.1,0.0,0.0,1,0.0,0.0,custo_takeover,eleito,0.0,0.0,30,123
20260703-200911,24,G4,compra_de_voto,500,zipf,1.16,100,21,1.0,30,10000,0.0,0,0.1,0.0,0.0,1,0.0,0.0,custo_takeover,produzido,0.0,0.0,30,123
20260703-200911,24,G4,compra_de_voto,500,zipf,1.16,100,21,1.0,30,10000,0.0,0,0.1,0.0,0.0,1,0.0,0.0,custo_takeover_51,stake,0.0,0.0,30,123
20260703-200911,24,G4,compra_de_voto,500,zipf,1.16,100,21,1.0,30,10000,0.0,0,0.1,0.0,0.0,1,0.0,0.0,custo_takeover_51,eleito,0.0,0.0,30,123
20260703-200911,24,G4,compra_de_voto,500,zipf,1.16,100,21,1.0,30,10000,0.0,0,0.1,0.0,0.0,1,0.0,0.0,custo_takeover_51,produzido,0.0,0.0,30,123
20260703-200911,24,G4,compra_de_voto,500,zipf,1.16,100,21,1.0,30,10000,0.0,0,0.1,0.0,0.0,1,0.0,0.0,gini,stake,0.997519,0.00023,30,123
20260703-200911,24,G4,compra_de_voto,500,zipf,1.16,100,21,1.0,30,10000,0.0,0,0.1,0.0,0.0,1,0.0,0.0,gini,eleito,0.85396,0.01707,30,123
20260703-200911,24,G4,compra_de_voto,500,zipf,1.16,100,21,1.0,30,10000,0.0,0,0.1,0.0,0.0,1,0.0,0.0,gini,produzido,0.854794,0.016944,30,123
20260703-200911,24,G4,compra_de_voto,500,zipf,1.16,100,21,1.0,30,10000,0.0,0,0.1,0.0,0.0,1,0.0,0.0,coef_nakamoto,stake,1.0,0.0,30,123
20260703-200911,24,G4,compra_de_voto,500,zipf,1.16,100,21,1.0,30,10000,0.0,0,0.1,0.0,0.0,1,0.0,0.0,coef_nakamoto,eleito,1.566667,0.180357,30,123
20260703-200911,24,G4,compra_de_voto,500,zipf,1.16,100,21,1.0,30,10000,0.0,0,0.1,0.0,0.0,1,0.0,0.0,coef_nakamoto,produzido,1.4,0.178305,30,123
20260703-200911,25,G4,compra_de_voto,1000,pareto,1.16,100,21,1.0,30,10000,0.0,0,0.0,0.0,0.0,1,0.0,0.0,custo_por_cadeira,stake,0.010976,0.003154,30,123
20260703-200911,25,G4,compra_de_voto,1000,pareto,1.16,100,21,1.0,30,10000,0.0,0,0.0,0.0,0.0,1,0.0,0.0,custo_por_cadeira,eleito,0.010976,0.003154,30,123
20260703-200911,25,G4,compra_de_voto,1000,pareto,1.16,100,21,1.0,30,10000,0.0,0,0.0,0.0,0.0,1,0.0,0.0,custo_por_cadeira,produzido,0.010976,0.003154,30,123
20260703-200911,25,G4,compra_de_voto,1000,pareto,1.16,100,21,1.0,30,10000,0.0,0,0.0,0.0,0.0,1,0.0,0.0,custo_takeover,stake,2.734319,0.23869,30,123
20260703-200911,25,G4,compra_de_voto,1000,pareto,1.16,100,21,1.0,30,10000,0.0,0,0.0,0.0,0.0,1,0.0,0.0,custo_takeover,eleito,2.734319,0.23869,30,123
20260703-200911,25,G4,compra_de_voto,1000,pareto,1.16,100,21,1.0,30,10000,0.0,0,0.0,0.0,0.0,1,0.0,0.0,custo_takeover,produzido,2.734319,0.23869,30,123
20260703-200911,25,G4,compra_de_voto,1000,pareto,1.16,100,21,1.0,30,10000,0.0,0,0.0,0.0,0.0,1,0.0,0.0,custo_takeover_51,stake,4.137228,0.312163,30,123
20260703-200911,25,G4,compra_de_voto,1000,pareto,1.16,100,21,1.0,30,10000,0.0,0,0.0,0.0,0.0,1,0.0,0.0,custo_takeover_51,eleito,4.137228,0.312163,30,123
20260703-200911,25,G4,compra_de_voto,1000,pareto,1.16,100,21,1.0,30,10000,0.0,0,0.0,0.0,0.0,1,0.0,0.0,custo_takeover_51,produzido,4.137228,0.312163,30,123
20260703-200911,25,G4,compra_de_voto,1000,pareto,1.16,100,21,1.0,30,10000,0.0,0,0.0,0.0,0.0,1,0.0,0.0,gini,stake,0.670144,0.029135,30,123
20260703-200911,25,G4,compra_de_voto,1000,pareto,1.16,100,21,1.0,30,10000,0.0,0,0.0,0.0,0.0,1,0.0,0.0,gini,eleito,0.244295,0.018602,30,123
20260703-200911,25,G4,compra_de_voto,1000,pareto,1.16,100,21,1.0,30,10000,0.0,0,0.0,0.0,0.0,1,0.0,0.0,gini,produzido,0.245113,0.019044,30,123
20260703-200911,25,G4,compra_de_voto,1000,pareto,1.16,100,21,1.0,30,10000,0.0,0,0.0,0.0,0.0,1,0.0,0.0,coef_nakamoto,stake,13.533333,4.225454,30,123
20260703-200911,25,G4,compra_de_voto,1000,pareto,1.16,100,21,1.0,30,10000,0.0,0,0.0,0.0,0.0,1,0.0,0.0,coef_nakamoto,eleito,4.7,0.166789,30,123
20260703-200911,25,G4,compra_de_voto,1000,pareto,1.16,100,21,1.0,30,10000,0.0,0,0.0,0.0,0.0,1,0.0,0.0,coef_nakamoto,produzido,4.7,0.166789,30,123
20260703-200911,26,G4,compra_de_voto,1000,pareto,1.16,100,21,1.0,30,10000,0.0,0,0.02,0.0,0.0,1,0.0,0.0,custo_por_cadeira,stake,0.016217,0.008174,30,123
20260703-200911,26,G4,compra_de_voto,1000,pareto,1.16,100,21,1.0,30,10000,0.0,0,0.02,0.0,0.0,1,0.0,0.0,custo_por_cadeira,eleito,0.016217,0.008174,30,123
20260703-200911,26,G4,compra_de_voto,1000,pareto,1.16,100,21,1.0,30,10000,0.0,0,0.02,0.0,0.0,1,0.0,0.0,custo_por_cadeira,produzido,0.016217,0.008174,30,123
20260703-200911,26,G4,compra_de_voto,1000,pareto,1.16,100,21,1.0,30,10000,0.0,0,0.02,0.0,0.0,1,0.0,0.0,custo_takeover,stake,2.755488,0.231195,30,123
20260703-200911,26,G4,compra_de_voto,1000,pareto,1.16,100,21,1.0,30,10000,0.0,0,0.02,0.0,0.0,1,0.0,0.0,custo_takeover,eleito,2.755488,0.231195,30,123
20260703-200911,26,G4,compra_de_voto,1000,pareto,1.16,100,21,1.0,30,10000,0.0,0,0.02,0.0,0.0,1,0.0,0.0,custo_takeover,produzido,2.755488,0.231195,30,123
20260703-200911,26,G4,compra_de_voto,1000,pareto,1.16,100,21,1.0,30,10000,0.0,0,0.02,0.0,0.0,1,0.0,0.0,custo_takeover_51,stake,4.218263,0.300546,30,123
20260703-200911,26,G4,compra_de_voto,1000,pareto,1.16,100,21,1.0,30,10000,0.0,0,0.02,0.0,0.0,1,0.0,0.0,custo_takeover_51,eleito,4.218263,0.300546,30,123
20260703-200911,26,G4,compra_de_voto,1000,pareto,1.16,100,21,1.0,30,10000,0.0,0,0.02,0.0,0.0,1,0.0,0.0,custo_takeover_51,produzido,4.218263,0.300546,30,123
20260703-200911,26,G4,compra_de_voto,1000,pareto,1.16,100,21,1.0,30,10000,0.0,0,0.02,0.0,0.0,1,0.0,0.0,gini,stake,0.670144,0.029135,30,123
20260703-200911,26,G4,compra_de_voto,1000,pareto,1.16,100,21,1.0,30,10000,0.0,0,0.02,0.0,0.0,1,0.0,0.0,gini,eleito,0.244925,0.016867,30,123
20260703-200911,26,G4,compra_de_voto,1000,pareto,1.16,100,21,1.0,30,10000,0.0,0,0.02,0.0,0.0,1,0.0,0.0,gini,produzido,0.246428,0.017222,30,123
20260703-200911,26,G4,compra_de_voto,1000,pareto,1.16,100,21,1.0,30,10000,0.0,0,0.02,0.0,0.0,1,0.0,0.0,coef_nakamoto,stake,13.533333,4.225454,30,123
20260703-200911,26,G4,compra_de_voto,1000,pareto,1.16,100,21,1.0,30,10000,0.0,0,0.02,0.0,0.0,1,0.0,0.0,coef_nakamoto,eleito,4.766667,0.180357,30,123
20260703-200911,26,G4,compra_de_voto,1000,pareto,1.16,100,21,1.0,30,10000,0.0,0,0.02,0.0,0.0,1,0.0,0.0,coef_nakamoto,produzido,4.7,0.166789,30,123
20260703-200911,27,G4,compra_de_voto,1000,pareto,1.16,100,21,1.0,30,10000,0.0,0,0.05,0.0,0.0,1,0.0,0.0,custo_por_cadeira,stake,0.013583,0.007588,30,123
20260703-200911,27,G4,compra_de_voto,1000,pareto,1.16,100,21,1.0,30,10000,0.0,0,0.05,0.0,0.0,1,0.0,0.0,custo_por_cadeira,eleito,0.013583,0.007588,30,123
20260703-200911,27,G4,compra_de_voto,1000,pareto,1.16,100,21,1.0,30,10000,0.0,0,0.05,0.0,0.0,1,0.0,0.0,custo_por_cadeira,produzido,0.013583,0.007588,30,123
20260703-200911,27,G4,compra_de_voto,1000,pareto,1.16,100,21,1.0,30,10000,0.0,0,0.05,0.0,0.0,1,0.0,0.0,custo_takeover,stake,2.633668,0.219096,30,123
20260703-200911,27,G4,compra_de_voto,1000,pareto,1.16,100,21,1.0,30,10000,0.0,0,0.05,0.0,0.0,1,0.0,0.0,custo_takeover,eleito,2.633668,0.219096,30,123
20260703-200911,27,G4,compra_de_voto,1000,pareto,1.16,100,21,1.0,30,10000,0.0,0,0.05,0.0,0.0,1,0.0,0.0,custo_takeover,produzido,2.633668,0.219096,30,123
20260703-200911,27,G4,compra_de_voto,1000,pareto,1.16,100,21,1.0,30,10000,0.0,0,0.05,0.0,0.0,1,0.0,0.0,custo_takeover_51,stake,4.031267,0.277404,30,123
20260703-200911,27,G4,compra_de_voto,1000,pareto,1.16,100,21,1.0,30,10000,0.0,0,0.05,0.0,0.0,1,0.0,0.0,custo_takeover_51,eleito,4.031267,0.277404,30,123
20260703-200911,27,G4,compra_de_voto,1000,pareto,1.16,100,21,1.0,30,10000,0.0,0,0.05,0.0,0.0,1,0.0,0.0,custo_takeover_51,produzido,4.031267,0.277404,30,123
20260703-200911,27,G4,compra_de_voto,1000,pareto,1.16,100,21,1.0,30,10000,0.0,0,0.05,0.0,0.0,1,0.0,0.0,gini,stake,0.670144,0.029135,30,123
20260703-200911,27,G4,compra_de_voto,1000,pareto,1.16,100,21,1.0,30,10000,0.0,0,0.05,0.0,0.0,1,0.0,0.0,gini,eleito,0.254762,0.017145,30,123
20260703-200911,27,G4,compra_de_voto,1000,pareto,1.16,100,21,1.0,30,10000,0.0,0,0.05,0.0,0.0,1,0.0,0.0,gini,produzido,0.25642,0.017483,30,123
20260703-200911,27,G4,compra_de_voto,1000,pareto,1.16,100,21,1.0,30,10000,0.0,0,0.05,0.0,0.0,1,0.0,0.0,coef_nakamoto,stake,13.533333,4.225454,30,123
20260703-200911,27,G4,compra_de_voto,1000,pareto,1.16,100,21,1.0,30,10000,0.0,0,0.05,0.0,0.0,1,0.0,0.0,coef_nakamoto,eleito,4.633333,0.198981,30,123
20260703-200911,27,G4,compra_de_voto,1000,pareto,1.16,100,21,1.0,30,10000,0.0,0,0.05,0.0,0.0,1,0.0,0.0,coef_nakamoto,produzido,4.633333,0.198981,30,123
20260703-200911,28,G4,compra_de_voto,1000,pareto,1.16,100,21,1.0,30,10000,0.0,0,0.1,0.0,0.0,1,0.0,0.0,custo_por_cadeira,stake,0.006983,0.002125,30,123
20260703-200911,28,G4,compra_de_voto,1000,pareto,1.16,100,21,1.0,30,10000,0.0,0,0.1,0.0,0.0,1,0.0,0.0,custo_por_cadeira,eleito,0.006983,0.002125,30,123
20260703-200911,28,G4,compra_de_voto,1000,pareto,1.16,100,21,1.0,30,10000,0.0,0,0.1,0.0,0.0,1,0.0,0.0,custo_por_cadeira,produzido,0.006983,0.002125,30,123
20260703-200911,28,G4,compra_de_voto,1000,pareto,1.16,100,21,1.0,30,10000,0.0,0,0.1,0.0,0.0,1,0.0,0.0,custo_takeover,stake,2.431487,0.206427,30,123
20260703-200911,28,G4,compra_de_voto,1000,pareto,1.16,100,21,1.0,30,10000,0.0,0,0.1,0.0,0.0,1,0.0,0.0,custo_takeover,eleito,2.431487,0.206427,30,123
20260703-200911,28,G4,compra_de_voto,1000,pareto,1.16,100,21,1.0,30,10000,0.0,0,0.1,0.0,0.0,1,0.0,0.0,custo_takeover,produzido,2.431487,0.206427,30,123
20260703-200911,28,G4,compra_de_voto,1000,pareto,1.16,100,21,1.0,30,10000,0.0,0,0.1,0.0,0.0,1,0.0,0.0,custo_takeover_51,stake,3.727807,0.275954,30,123
20260703-200911,28,G4,compra_de_voto,1000,pareto,1.16,100,21,1.0,30,10000,0.0,0,0.1,0.0,0.0,1,0.0,0.0,custo_takeover_51,eleito,3.727807,0.275954,30,123
20260703-200911,28,G4,compra_de_voto,1000,pareto,1.16,100,21,1.0,30,10000,0.0,0,0.1,0.0,0.0,1,0.0,0.0,custo_takeover_51,produzido,3.727807,0.275954,30,123
20260703-200911,28,G4,compra_de_voto,1000,pareto,1.16,100,21,1.0,30,10000,0.0,0,0.1,0.0,0.0,1,0.0,0.0,gini,stake,0.670144,0.029135,30,123
20260703-200911,28,G4,compra_de_voto,1000,pareto,1.16,100,21,1.0,30,10000,0.0,0,0.1,0.0,0.0,1,0.0,0.0,gini,eleito,0.270934,0.018587,30,123
20260703-200911,28,G4,compra_de_voto,1000,pareto,1.16,100,21,1.0,30,10000,0.0,0,0.1,0.0,0.0,1,0.0,0.0,gini,produzido,0.272436,0.018935,30,123
20260703-200911,28,G4,compra_de_voto,1000,pareto,1.16,100,21,1.0,30,10000,0.0,0,0.1,0.0,0.0,1,0.0,0.0,coef_nakamoto,stake,13.533333,4.225454,30,123
20260703-200911,28,G4,compra_de_voto,1000,pareto,1.16,100,21,1.0,30,10000,0.0,0,0.1,0.0,0.0,1,0.0,0.0,coef_nakamoto,eleito,4.466667,0.204454,30,123
20260703-200911,28,G4,compra_de_voto,1000,pareto,1.16,100,21,1.0,30,10000,0.0,0,0.1,0.0,0.0,1,0.0,0.0,coef_nakamoto,produzido,4.3,0.213263,30,123
20260703-200911,29,G4,compra_de_voto,1000,uniforme,1.16,100,21,1.0,30,10000,0.0,0,0.0,0.0,0.0,1,0.0,0.0,custo_por_cadeira,stake,0.000499,0.000212,30,123
20260703-200911,29,G4,compra_de_voto,1000,uniforme,1.16,100,21,1.0,30,10000,0.0,0,0.0,0.0,0.0,1,0.0,0.0,custo_por_cadeira,eleito,0.000499,0.000212,30,123
20260703-200911,29,G4,compra_de_voto,1000,uniforme,1.16,100,21,1.0,30,10000,0.0,0,0.0,0.0,0.0,1,0.0,0.0,custo_por_cadeira,produzido,0.000499,0.000212,30,123
20260703-200911,29,G4,compra_de_voto,1000,uniforme,1.16,100,21,1.0,30,10000,0.0,0,0.0,0.0,0.0,1,0.0,0.0,custo_takeover,stake,2.54717,0.006862,30,123
20260703-200911,29,G4,compra_de_voto,1000,uniforme,1.16,100,21,1.0,30,10000,0.0,0,0.0,0.0,0.0,1,0.0,0.0,custo_takeover,eleito,2.54717,0.006862,30,123
20260703-200911,29,G4,compra_de_voto,1000,uniforme,1.16,100,21,1.0,30,10000,0.0,0,0.0,0.0,0.0,1,0.0,0.0,custo_takeover,produzido,2.54717,0.006862,30,123
20260703-200911,29,G4,compra_de_voto,1000,uniforme,1.16,100,21,1.0,30,10000,0.0,0,0.0,0.0,0.0,1,0.0,0.0,custo_takeover_51,stake,3.516274,0.00967,30,123
20260703-200911,29,G4,compra_de_voto,1000,uniforme,1.16,100,21,1.0,30,10000,0.0,0,0.0,0.0,0.0,1,0.0,0.0,custo_takeover_51,eleito,3.516274,0.00967,30,123
20260703-200911,29,G4,compra_de_voto,1000,uniforme,1.16,100,21,1.0,30,10000,0.0,0,0.0,0.0,0.0,1,0.0,0.0,custo_takeover_51,produzido,3.516274,0.00967,30,123
20260703-200911,29,G4,compra_de_voto,1000,uniforme,1.16,100,21,1.0,30,10000,0.0,0,0.0,0.0,0.0,1,0.0,0.0,gini,stake,0.33194,0.0031,30,123
20260703-200911,29,G4,compra_de_voto,1000,uniforme,1.16,100,21,1.0,30,10000,0.0,0,0.0,0.0,0.0,1,0.0,0.0,gini,eleito,0.01497,0.001153,30,123
20260703-200911,29,G4,compra_de_voto,1000,uniforme,1.16,100,21,1.0,30,10000,0.0,0,0.0,0.0,0.0,1,0.0,0.0,gini,produzido,0.029891,0.001407,30,123
20260703-200911,29,G4,compra_de_voto,1000,uniforme,1.16,100,21,1.0,30,10000,0.0,0,0.0,0.0,0.0,1,0.0,0.0,coef_nakamoto,stake,184.766667,1.191233,30,123
20260703-200911,29,G4,compra_de_voto,1000,uniforme,1.16,100,21,1.0,30,10000,0.0,0,0.0,0.0,0.0,1,0.0,0.0,coef_nakamoto,eleito,7.0,0.0,30,123
20260703-200911,29,G4,compra_de_voto,1000,uniforme,1.16,100,21,1.0,30,10000,0.0,0,0.0,0.0,0.0,1,0.0,0.0,coef_nakamoto,produzido,7.0,0.0,30,123
20260703-200911,30,G4,compra_de_voto,1000,uniforme,1.16,100,21,1.0,30,10000,0.0,0,0.02,0.0,0.0,1,0.0,0.0,custo_por_cadeira,stake,0.000644,0.000255,30,123
20260703-200911,30,G4,compra_de_voto,1000,uniforme,1.16,100,21,1.0,30,10000,0.0,0,0.02,0.0,0.0,1,0.0,0.0,custo_por_cadeira,eleito,0.000644,0.000255,30,123
20260703-200911,30,G4,compra_de_voto,1000,uniforme,1.16,100,21,1.0,30,10000,0.0,0,0.02,0.0,0.0,1,0.0,0.0,custo_por_cadeira,produzido,0.000644,0.000255,30,123
20260703-200911,30,G4,compra_de_voto,1000,uniforme,1.16,100,21,1.0,30,10000,0.0,0,0.02,0.0,0.0,1,0.0,0.0,custo_takeover,stake,2.312559,0.006565,30,123
20260703-200911,30,G4,compra_de_voto,1000,uniforme,1.16,100,21,1.0,30,10000,0.0,0,0.02,0.0,0.0,1,0.0,0.0,custo_takeover,eleito,2.312559,0.006565,30,123
20260703-200911,30,G4,compra_de_voto,1000,uniforme,1.16,100,21,1.0,30,10000,0.0,0,0.02,0.0,0.0,1,0.0,0.0,custo_takeover,produzido,2.312559,0.006565,30,123
20260703-200911,30,G4,compra_de_voto,1000,uniforme,1.16,100,21,1.0,30,10000,0.0,0,0.02,0.0,0.0,1,0.0,0.0,custo_takeover_51,stake,3.194628,0.0088,30,123
20260703-200911,30,G4,compra_de_voto,1000,uniforme,1.16,100,21,1.0,30,10000,0.0,0,0.02,0.0,0.0,1,0.0,0.0,custo_takeover_51,eleito,3.194628,0.0088,30,123
20260703-200911,30,G4,compra_de_voto,1000,uniforme,1.16,100,21,1.0,30,10000,0.0,0,0.02,0.0,0.0,1,0.0,0.0,custo_takeover_51,produzido,3.194628,0.0088,30,123
20260703-200911,30,G4,compra_de_voto,1000,uniforme,1.16,100,21,1.0,30,10000,0.0,0,0.02,0.0,0.0,1,0.0,0.0,gini,stake,0.33194,0.0031,30,123
20260703-200911,30,G4,compra_de_voto,1000,uniforme,1.16,100,21,1.0,30,10000,0.0,0,0.02,0.0,0.0,1,0.0,0.0,gini,eleito,0.109636,0.000914,30,123
20260703-200911,30,G4,compra_de_voto,1000,uniforme,1.16,100,21,1.0,30,10000,0.0,0,0.02,0.0,0.0,1,0.0,0.0,gini,produzido,0.12276,0.001427,30,123
20260703-200911,30,G4,compra_de_voto,1000,uniforme,1.16,100,21,1.0,30,10000,0.0,0,0.02,0.0,0.0,1,0.0,0.0,coef_nakamoto,stake,184.766667,1.191233,30,123
20260703-200911,30,G4,compra_de_voto,1000,uniforme,1.16,100,21,1.0,30,10000,0.0,0,0.02,0.0,0.0,1,0.0,0.0,coef_nakamoto,eleito,6.0,0.0,30,123
20260703-200911,30,G4,compra_de_voto,1000,uniforme,1.16,100,21,1.0,30,10000,0.0,0,0.02,0.0,0.0,1,0.0,0.0,coef_nakamoto,produzido,5.9,0.109189,30,123
20260703-200911,31,G4,compra_de_voto,1000,uniforme,1.16,100,21,1.0,30,10000,0.0,0,0.05,0.0,0.0,1,0.0,0.0,custo_por_cadeira,stake,0.000492,0.00021,30,123
20260703-200911,31,G4,compra_de_voto,1000,uniforme,1.16,100,21,1.0,30,10000,0.0,0,0.05,0.0,0.0,1,0.0,0.0,custo_por_cadeira,eleito,0.000492,0.00021,30,123
20260703-200911,31,G4,compra_de_voto,1000,uniforme,1.16,100,21,1.0,30,10000,0.0,0,0.05,0.0,0.0,1,0.0,0.0,custo_por_cadeira,produzido,0.000492,0.00021,30,123
20260703-200911,31,G4,compra_de_voto,1000,uniforme,1.16,100,21,1.0,30,10000,0.0,0,0.05,0.0,0.0,1,0.0,0.0,custo_takeover,stake,2.035042,0.005288,30,123
20260703-200911,31,G4,compra_de_voto,1000,uniforme,1.16,100,21,1.0,30,10000,0.0,0,0.05,0.0,0.0,1,0.0,0.0,custo_takeover,eleito,2.035042,0.005288,30,123
20260703-200911,31,G4,compra_de_voto,1000,uniforme,1.16,100,21,1.0,30,10000,0.0,0,0.05,0.0,0.0,1,0.0,0.0,custo_takeover,produzido,2.035042,0.005288,30,123
20260703-200911,31,G4,compra_de_voto,1000,uniforme,1.16,100,21,1.0,30,10000,0.0,0,0.05,0.0,0.0,1,0.0,0.0,custo_takeover_51,stake,2.811063,0.007484,30,123
20260703-200911,31,G4,compra_de_voto,1000,uniforme,1.16,100,21,1.0,30,10000,0.0,0,0.05,0.0,0.0,1,0.0,0.0,custo_takeover_51,eleito,2.811063,0.007484,30,123
20260703-200911,31,G4,compra_de_voto,1000,uniforme,1.16,100,21,1.0,30,10000,0.0,0,0.05,0.0,0.0,1,0.0,0.0,custo_takeover_51,produzido,2.811063,0.007484,30,123
20260703-200911,31,G4,compra_de_voto,1000,uniforme,1.16,100,21,1.0,30,10000,0.0,0,0.05,0.0,0.0,1,0.0,0.0,gini,stake,0.33194,0.0031,30,123
20260703-200911,31,G4,compra_de_voto,1000,uniforme,1.16,100,21,1.0,30,10000,0.0,0,0.05,0.0,0.0,1,0.0,0.0,gini,eleito,0.12612,0.000746,30,123
20260703-200911,31,G4,compra_de_voto,1000,uniforme,1.16,100,21,1.0,30,10000,0.0,0,0.05,0.0,0.0,1,0.0,0.0,gini,produzido,0.138987,0.001591,30,123
20260703-200911,31,G4,compra_de_voto,1000,uniforme,1.16,100,21,1.0,30,10000,0.0,0,0.05,0.0,0.0,1,0.0,0.0,coef_nakamoto,stake,184.766667,1.191233,30,123
20260703-200911,31,G4,compra_de_voto,1000,uniforme,1.16,100,21,1.0,30,10000,0.0,0,0.05,0.0,0.0,1,0.0,0.0,coef_nakamoto,eleito,5.0,0.0,30,123
20260703-200911,31,G4,compra_de_voto,1000,uniforme,1.16,100,21,1.0,30,10000,0.0,0,0.05,0.0,0.0,1,0.0,0.0,coef_nakamoto,produzido,5.0,0.0,30,123
20260703-200911,32,G4,compra_de_voto,1000,uniforme,1.16,100,21,1.0,30,10000,0.0,0,0.1,0.0,0.0,1,0.0,0.0,custo_por_cadeira,stake,0.000563,0.000252,30,123
20260703-200911,32,G4,compra_de_voto,1000,uniforme,1.16,100,21,1.0,30,10000,0.0,0,0.1,0.0,0.0,1,0.0,0.0,custo_por_cadeira,eleito,0.000563,0.000252,30,123
20260703-200911,32,G4,compra_de_voto,1000,uniforme,1.16,100,21,1.0,30,10000,0.0,0,0.1,0.0,0.0,1,0.0,0.0,custo_por_cadeira,produzido,0.000563,0.000252,30,123
20260703-200911,32,G4,compra_de_voto,1000,uniforme,1.16,100,21,1.0,30,10000,0.0,0,0.1,0.0,0.0,1,0.0,0.0,custo_takeover,stake,1.692799,0.006459,30,123
20260703-200911,32,G4,compra_de_voto,1000,uniforme,1.16,100,21,1.0,30,10000,0.0,0,0.1,0.0,0.0,1,0.0,0.0,custo_takeover,eleito,1.692799,0.006459,30,123
20260703-200911,32,G4,compra_de_voto,1000,uniforme,1.16,100,21,1.0,30,10000,0.0,0,0.1,0.0,0.0,1,0.0,0.0,custo_takeover,produzido,1.692799,0.006459,30,123
20260703-200911,32,G4,compra_de_voto,1000,uniforme,1.16,100,21,1.0,30,10000,0.0,0,0.1,0.0,0.0,1,0.0,0.0,custo_takeover_51,stake,2.340531,0.00896,30,123
20260703-200911,32,G4,compra_de_voto,1000,uniforme,1.16,100,21,1.0,30,10000,0.0,0,0.1,0.0,0.0,1,0.0,0.0,custo_takeover_51,eleito,2.340531,0.00896,30,123
20260703-200911,32,G4,compra_de_voto,1000,uniforme,1.16,100,21,1.0,30,10000,0.0,0,0.1,0.0,0.0,1,0.0,0.0,custo_takeover_51,produzido,2.340531,0.00896,30,123
20260703-200911,32,G4,compra_de_voto,1000,uniforme,1.16,100,21,1.0,30,10000,0.0,0,0.1,0.0,0.0,1,0.0,0.0,gini,stake,0.33194,0.0031,30,123
20260703-200911,32,G4,compra_de_voto,1000,uniforme,1.16,100,21,1.0,30,10000,0.0,0,0.1,0.0,0.0,1,0.0,0.0,gini,eleito,0.152545,0.000964,30,123
20260703-200911,32,G4,compra_de_voto,1000,uniforme,1.16,100,21,1.0,30,10000,0.0,0,0.1,0.0,0.0,1,0.0,0.0,gini,produzido,0.164557,0.001472,30,123
20260703-200911,32,G4,compra_de_voto,1000,uniforme,1.16,100,21,1.0,30,10000,0.0,0,0.1,0.0,0.0,1,0.0,0.0,coef_nakamoto,stake,184.766667,1.191233,30,123
20260703-200911,32,G4,compra_de_voto,1000,uniforme,1.16,100,21,1.0,30,10000,0.0,0,0.1,0.0,0.0,1,0.0,0.0,coef_nakamoto,eleito,5.0,0.0,30,123
20260703-200911,32,G4,compra_de_voto,1000,uniforme,1.16,100,21,1.0,30,10000,0.0,0,0.1,0.0,0.0,1,0.0,0.0,coef_nakamoto,produzido,5.0,0.0,30,123
20260703-200911,33,G4,compra_de_voto,1000,zipf,1.16,100,21,1.0,30,10000,0.0,0,0.0,0.0,0.0,1,0.0,0.0,custo_por_cadeira,stake,0.0,0.0,30,123
20260703-200911,33,G4,compra_de_voto,1000,zipf,1.16,100,21,1.0,30,10000,0.0,0,0.0,0.0,0.0,1,0.0,0.0,custo_por_cadeira,eleito,0.0,0.0,30,123
20260703-200911,33,G4,compra_de_voto,1000,zipf,1.16,100,21,1.0,30,10000,0.0,0,0.0,0.0,0.0,1,0.0,0.0,custo_por_cadeira,produzido,0.0,0.0,30,123
20260703-200911,33,G4,compra_de_voto,1000,zipf,1.16,100,21,1.0,30,10000,0.0,0,0.0,0.0,0.0,1,0.0,0.0,custo_takeover,stake,0.0,0.0,30,123
20260703-200911,33,G4,compra_de_voto,1000,zipf,1.16,100,21,1.0,30,10000,0.0,0,0.0,0.0,0.0,1,0.0,0.0,custo_takeover,eleito,0.0,0.0,30,123
20260703-200911,33,G4,compra_de_voto,1000,zipf,1.16,100,21,1.0,30,10000,0.0,0,0.0,0.0,0.0,1,0.0,0.0,custo_takeover,produzido,0.0,0.0,30,123
20260703-200911,33,G4,compra_de_voto,1000,zipf,1.16,100,21,1.0,30,10000,0.0,0,0.0,0.0,0.0,1,0.0,0.0,custo_takeover_51,stake,0.0,0.0,30,123
20260703-200911,33,G4,compra_de_voto,1000,zipf,1.16,100,21,1.0,30,10000,0.0,0,0.0,0.0,0.0,1,0.0,0.0,custo_takeover_51,eleito,0.0,0.0,30,123
20260703-200911,33,G4,compra_de_voto,1000,zipf,1.16,100,21,1.0,30,10000,0.0,0,0.0,0.0,0.0,1,0.0,0.0,custo_takeover_51,produzido,0.0,0.0,30,123
20260703-200911,33,G4,compra_de_voto,1000,zipf,1.16,100,21,1.0,30,10000,0.0,0,0.0,0.0,0.0,1,0.0,0.0,gini,stake,0.998477,0.000171,30,123
20260703-200911,33,G4,compra_de_voto,1000,zipf,1.16,100,21,1.0,30,10000,0.0,0,0.0,0.0,0.0,1,0.0,0.0,gini,eleito,0.868928,0.020992,30,123
20260703-200911,33,G4,compra_de_voto,1000,zipf,1.16,100,21,1.0,30,10000,0.0,0,0.0,0.0,0.0,1,0.0,0.0,gini,produzido,0.869495,0.020856,30,123
20260703-200911,33,G4,compra_de_voto,1000,zipf,1.16,100,21,1.0,30,10000,0.0,0,0.0,0.0,0.0,1,0.0,0.0,coef_nakamoto,stake,1.0,0.0,30,123
20260703-200911,33,G4,compra_de_voto,1000,zipf,1.16,100,21,1.0,30,10000,0.0,0,0.0,0.0,0.0,1,0.0,0.0,coef_nakamoto,eleito,1.4,0.178305,30,123
20260703-200911,33,G4,compra_de_voto,1000,zipf,1.16,100,21,1.0,30,10000,0.0,0,0.0,0.0,0.0,1,0.0,0.0,coef_nakamoto,produzido,1.3,0.166789,30,123
20260703-200911,34,G4,compra_de_voto,1000,zipf,1.16,100,21,1.0,30,10000,0.0,0,0.02,0.0,0.0,1,0.0,0.0,custo_por_cadeira,stake,0.0,0.0,30,123
20260703-200911,34,G4,compra_de_voto,1000,zipf,1.16,100,21,1.0,30,10000,0.0,0,0.02,0.0,0.0,1,0.0,0.0,custo_por_cadeira,eleito,0.0,0.0,30,123
20260703-200911,34,G4,compra_de_voto,1000,zipf,1.16,100,21,1.0,30,10000,0.0,0,0.02,0.0,0.0,1,0.0,0.0,custo_por_cadeira,produzido,0.0,0.0,30,123
20260703-200911,34,G4,compra_de_voto,1000,zipf,1.16,100,21,1.0,30,10000,0.0,0,0.02,0.0,0.0,1,0.0,0.0,custo_takeover,stake,0.0,0.0,30,123
20260703-200911,34,G4,compra_de_voto,1000,zipf,1.16,100,21,1.0,30,10000,0.0,0,0.02,0.0,0.0,1,0.0,0.0,custo_takeover,eleito,0.0,0.0,30,123
20260703-200911,34,G4,compra_de_voto,1000,zipf,1.16,100,21,1.0,30,10000,0.0,0,0.02,0.0,0.0,1,0.0,0.0,custo_takeover,produzido,0.0,0.0,30,123
20260703-200911,34,G4,compra_de_voto,1000,zipf,1.16,100,21,1.0,30,10000,0.0,0,0.02,0.0,0.0,1,0.0,0.0,custo_takeover_51,stake,0.0,0.0,30,123
20260703-200911,34,G4,compra_de_voto,1000,zipf,1.16,100,21,1.0,30,10000,0.0,0,0.02,0.0,0.0,1,0.0,0.0,custo_takeover_51,eleito,0.0,0.0,30,123
20260703-200911,34,G4,compra_de_voto,1000,zipf,1.16,100,21,1.0,30,10000,0.0,0,0.02,0.0,0.0,1,0.0,0.0,custo_takeover_51,produzido,0.0,0.0,30,123
20260703-200911,34,G4,compra_de_voto,1000,zipf,1.16,100,21,1.0,30,10000,0.0,0,0.02,0.0,0.0,1,0.0,0.0,gini,stake,0.998477,0.000171,30,123
20260703-200911,34,G4,compra_de_voto,1000,zipf,1.16,100,21,1.0,30,10000,0.0,0,0.02,0.0,0.0,1,0.0,0.0,gini,eleito,0.842422,0.024011,30,123
20260703-200911,34,G4,compra_de_voto,1000,zipf,1.16,100,21,1.0,30,10000,0.0,0,0.02,0.0,0.0,1,0.0,0.0,gini,produzido,0.843386,0.023845,30,123
20260703-200911,34,G4,compra_de_voto,1000,zipf,1.16,100,21,1.0,30,10000,0.0,0,0.02,0.0,0.0,1,0.0,0.0,coef_nakamoto,stake,1.0,0.0,30,123
20260703-200911,34,G4,compra_de_voto,1000,zipf,1.16,100,21,1.0,30,10000,0.0,0,0.02,0.0,0.0,1,0.0,0.0,coef_nakamoto,eleito,1.5,0.181981,30,123
20260703-200911,34,G4,compra_de_voto,1000,zipf,1.16,100,21,1.0,30,10000,0.0,0,0.02,0.0,0.0,1,0.0,0.0,coef_nakamoto,produzido,1.5,0.181981,30,123
20260703-200911,35,G4,compra_de_voto,1000,zipf,1.16,100,21,1.0,30,10000,0.0,0,0.05,0.0,0.0,1,0.0,0.0,custo_por_cadeira,stake,0.0,0.0,30,123
20260703-200911,35,G4,compra_de_voto,1000,zipf,1.16,100,21,1.0,30,10000,0.0,0,0.05,0.0,0.0,1,0.0,0.0,custo_por_cadeira,eleito,0.0,0.0,30,123
20260703-200911,35,G4,compra_de_voto,1000,zipf,1.16,100,21,1.0,30,10000,0.0,0,0.05,0.0,0.0,1,0.0,0.0,custo_por_cadeira,produzido,0.0,0.0,30,123
20260703-200911,35,G4,compra_de_voto,1000,zipf,1.16,100,21,1.0,30,10000,0.0,0,0.05,0.0,0.0,1,0.0,0.0,custo_takeover,stake,0.0,0.0,30,123
20260703-200911,35,G4,compra_de_voto,1000,zipf,1.16,100,21,1.0,30,10000,0.0,0,0.05,0.0,0.0,1,0.0,0.0,custo_takeover,eleito,0.0,0.0,30,123
20260703-200911,35,G4,compra_de_voto,1000,zipf,1.16,100,21,1.0,30,10000,0.0,0,0.05,0.0,0.0,1,0.0,0.0,custo_takeover,produzido,0.0,0.0,30,123
20260703-200911,35,G4,compra_de_voto,1000,zipf,1.16,100,21,1.0,30,10000,0.0,0,0.05,0.0,0.0,1,0.0,0.0,custo_takeover_51,stake,0.0,0.0,30,123
20260703-200911,35,G4,compra_de_voto,1000,zipf,1.16,100,21,1.0,30,10000,0.0,0,0.05,0.0,0.0,1,0.0,0.0,custo_takeover_51,eleito,0.0,0.0,30,123
20260703-200911,35,G4,compra_de_voto,1000,zipf,1.16,100,21,1.0,30,10000,0.0,0,0.05,0.0,0.0,1,0.0,0.0,custo_takeover_51,produzido,0.0,0.0,30,123
20260703-200911,35,G4,compra_de_voto,1000,zipf,1.16,100,21,1.0,30,10000,0.0,0,0.05,0.0,0.0,1,0.0,0.0,gini,stake,0.998477,0.000171,30,123
20260703-200911,35,G4,compra_de_voto,1000,zipf,1.16,100,21,1.0,30,10000,0.0,0,0.05,0.0,0.0,1,0.0,0.0,gini,eleito,0.824629,0.021006,30,123
20260703-200911,35,G4,compra_de_voto,1000,zipf,1.16,100,21,1.0,30,10000,0.0,0,0.05,0.0,0.0,1,0.0,0.0,gini,produzido,0.825907,0.02084,30,123
20260703-200911,35,G4,compra_de_voto,1000,zipf,1.16,100,21,1.0,30,10000,0.0,0,0.05,0.0,0.0,1,0.0,0.0,coef_nakamoto,stake,1.0,0.0,30,123
20260703-200911,35,G4,compra_de_voto,1000,zipf,1.16,100,21,1.0,30,10000,0.0,0,0.05,0.0,0.0,1,0.0,0.0,coef_nakamoto,eleito,1.8,0.173281,30,123
20260703-200911,35,G4,compra_de_voto,1000,zipf,1.16,100,21,1.0,30,10000,0.0,0,0.05,0.0,0.0,1,0.0,0.0,coef_nakamoto,produzido,1.533333,0.181577,30,123
20260703-200911,36,G4,compra_de_voto,1000,zipf,1.16,100,21,1.0,30,10000,0.0,0,0.1,0.0,0.0,1,0.0,0.0,custo_por_cadeira,stake,0.0,0.0,30,123
20260703-200911,36,G4,compra_de_voto,1000,zipf,1.16,100,21,1.0,30,10000,0.0,0,0.1,0.0,0.0,1,0.0,0.0,custo_por_cadeira,eleito,0.0,0.0,30,123
20260703-200911,36,G4,compra_de_voto,1000,zipf,1.16,100,21,1.0,30,10000,0.0,0,0.1,0.0,0.0,1,0.0,0.0,custo_por_cadeira,produzido,0.0,0.0,30,123
20260703-200911,36,G4,compra_de_voto,1000,zipf,1.16,100,21,1.0,30,10000,0.0,0,0.1,0.0,0.0,1,0.0,0.0,custo_takeover,stake,0.0,0.0,30,123
20260703-200911,36,G4,compra_de_voto,1000,zipf,1.16,100,21,1.0,30,10000,0.0,0,0.1,0.0,0.0,1,0.0,0.0,custo_takeover,eleito,0.0,0.0,30,123
20260703-200911,36,G4,compra_de_voto,1000,zipf,1.16,100,21,1.0,30,10000,0.0,0,0.1,0.0,0.0,1,0.0,0.0,custo_takeover,produzido,0.0,0.0,30,123
20260703-200911,36,G4,compra_de_voto,1000,zipf,1.16,100,21,1.0,30,10000,0.0,0,0.1,0.0,0.0,1,0.0,0.0,custo_takeover_51,stake,0.0,0.0,30,123
20260703-200911,36,G4,compra_de_voto,1000,zipf,1.16,100,21,1.0,30,10000,0.0,0,0.1,0.0,0.0,1,0.0,0.0,custo_takeover_51,eleito,0.0,0.0,30,123
20260703-200911,36,G4,compra_de_voto,1000,zipf,1.16,100,21,1.0,30,10000,0.0,0,0.1,0.0,0.0,1,0.0,0.0,custo_takeover_51,produzido,0.0,0.0,30,123
20260703-200911,36,G4,compra_de_voto,1000,zipf,1.16,100,21,1.0,30,10000,0.0,0,0.1,0.0,0.0,1,0.0,0.0,gini,stake,0.998477,0.000171,30,123
20260703-200911,36,G4,compra_de_voto,1000,zipf,1.16,100,21,1.0,30,10000,0.0,0,0.1,0.0,0.0,1,0.0,0.0,gini,eleito,0.824792,0.020935,30,123
20260703-200911,36,G4,compra_de_voto,1000,zipf,1.16,100,21,1.0,30,10000,0.0,0,0.1,0.0,0.0,1,0.0,0.0,gini,produzido,0.826055,0.02078,30,123
20260703-200911,36,G4,compra_de_voto,1000,zipf,1.16,100,21,1.0,30,10000,0.0,0,0.1,0.0,0.0,1,0.0,0.0,coef_nakamoto,stake,1.0,0.0,30,123
20260703-200911,36,G4,compra_de_voto,1000,zipf,1.16,100,21,1.0,30,10000,0.0,0,0.1,0.0,0.0,1,0.0,0.0,coef_nakamoto,eleito,1.766667,0.153939,30,123
20260703-200911,36,G4,compra_de_voto,1000,zipf,1.16,100,21,1.0,30,10000,0.0,0,0.1,0.0,0.0,1,0.0,0.0,coef_nakamoto,produzido,1.533333,0.181577,30,123
